-- MySQL Administrator dump 1.4
--
-- ------------------------------------------------------
-- Server version	5.0.67-community-nt-log


/*!40101 SET @OLD_CHARACTER_SET_CLIENT=@@CHARACTER_SET_CLIENT */;
/*!40101 SET @OLD_CHARACTER_SET_RESULTS=@@CHARACTER_SET_RESULTS */;
/*!40101 SET @OLD_COLLATION_CONNECTION=@@COLLATION_CONNECTION */;
/*!40101 SET NAMES utf8 */;

/*!40014 SET @OLD_UNIQUE_CHECKS=@@UNIQUE_CHECKS, UNIQUE_CHECKS=0 */;
/*!40014 SET @OLD_FOREIGN_KEY_CHECKS=@@FOREIGN_KEY_CHECKS, FOREIGN_KEY_CHECKS=0 */;
/*!40101 SET @OLD_SQL_MODE=@@SQL_MODE, SQL_MODE='NO_AUTO_VALUE_ON_ZERO' */;


--
-- Create schema a3k
--

CREATE DATABASE IF NOT EXISTS a3k;
USE a3k;

--
-- Definition of table `a3k_brohood`
--

DROP TABLE IF EXISTS `a3k_brohood`;
CREATE TABLE `a3k_brohood` (
  `pkid` int(11) NOT NULL auto_increment COMMENT 'pk',
  `p_id` int(10) NOT NULL default '0' COMMENT 'me',
  `b_p_id` int(10) NOT NULL default '0' COMMENT 'my friend',
  `timestamp` timestamp NOT NULL default CURRENT_TIMESTAMP COMMENT 'timestamp',
  PRIMARY KEY  (`pkid`,`p_id`,`b_p_id`),
  UNIQUE KEY `p_id` (`p_id`,`b_p_id`)
) ENGINE=InnoDB AUTO_INCREMENT=7 DEFAULT CHARSET=utf8 COMMENT='a3k brother hood';

--
-- Dumping data for table `a3k_brohood`
--

/*!40000 ALTER TABLE `a3k_brohood` DISABLE KEYS */;
INSERT INTO `a3k_brohood` (`pkid`,`p_id`,`b_p_id`,`timestamp`) VALUES 
 (1,21,1,'2009-06-30 17:08:31'),
 (2,21,3,'2009-06-30 17:08:31'),
 (3,21,22,'2009-06-30 17:08:31'),
 (4,21,21,'2009-07-02 15:00:25'),
 (5,21,17,'2009-07-08 14:25:07'),
 (6,21,23,'2009-07-10 19:02:35');
/*!40000 ALTER TABLE `a3k_brohood` ENABLE KEYS */;


--
-- Definition of table `a3k_fellow`
--

DROP TABLE IF EXISTS `a3k_fellow`;
CREATE TABLE `a3k_fellow` (
  `p_owner` varchar(10) NOT NULL default '0' COMMENT '五將主人',
  `p_id` int(10) unsigned NOT NULL auto_increment,
  `p_at` int(10) unsigned NOT NULL default '0' COMMENT '攻擊力',
  `p_df` int(10) unsigned NOT NULL default '0' COMMENT '防禦力',
  `p_agl` int(10) unsigned NOT NULL default '0' COMMENT '速度',
  `p_rankname` varchar(20) NOT NULL COMMENT '官階',
  `p_str` int(10) unsigned NOT NULL COMMENT '力量',
  `p_smart` int(10) unsigned NOT NULL COMMENT '智力',
  `p_vit` int(10) unsigned NOT NULL COMMENT '體質',
  `p_bone` int(10) unsigned NOT NULL COMMENT '根骨',
  `p_name` varchar(20) NOT NULL default '--' COMMENT '五將名',
  `p_hp` int(10) unsigned NOT NULL default '0' COMMENT '體力',
  `p_lv` int(10) unsigned NOT NULL default '0' COMMENT '等級',
  `p_img` varchar(25) default NULL COMMENT '圖檔名',
  `p_hpmax` int(10) unsigned NOT NULL default '0' COMMENT '體力最大',
  `p_mn` int(10) unsigned NOT NULL default '0' COMMENT '精神力',
  `p_mnmax` int(10) unsigned NOT NULL default '0' COMMENT '精神力最大',
  `p_exp` int(10) unsigned NOT NULL default '0' COMMENT '目前經驗值',
  `p_nextexp` int(10) unsigned NOT NULL COMMENT '升級所需經驗職',
  `role_id` varchar(10) NOT NULL COMMENT '職業',
  `faith` int(10) unsigned NOT NULL COMMENT '忠誠',
  `fl_id` varchar(10) NOT NULL default '0' COMMENT '武將類行(fk to a3k_fellowshop.fl_id)',
  PRIMARY KEY  USING BTREE (`p_id`)
) ENGINE=InnoDB AUTO_INCREMENT=52 DEFAULT CHARSET=utf8 COMMENT='玩家的武將';

--
-- Dumping data for table `a3k_fellow`
--

/*!40000 ALTER TABLE `a3k_fellow` DISABLE KEYS */;
INSERT INTO `a3k_fellow` (`p_owner`,`p_id`,`p_at`,`p_df`,`p_agl`,`p_rankname`,`p_str`,`p_smart`,`p_vit`,`p_bone`,`p_name`,`p_hp`,`p_lv`,`p_img`,`p_hpmax`,`p_mn`,`p_mnmax`,`p_exp`,`p_nextexp`,`role_id`,`faith`,`fl_id`) VALUES 
 ('4',1,20,20,10,'墨門弟子',10,10,10,10,'獵戶小鐵',50,1,'h0010',50,30,30,0,100,'a01',10,'0'),
 ('2',2,20,20,17,'墨門弟子',17,15,15,15,'獵戶小鐵',73,4,'h0020',73,49,49,99,175,'a01',10,'0'),
 ('3',3,20,20,10,'墨門弟子',10,10,10,10,'獵戶小鐵',50,1,'h0030',50,30,30,0,100,'a01',10,'0'),
 ('4',4,20,20,10,'墨門弟子',10,10,10,10,'獵戶小鐵',45,1,'h0040',50,30,30,52,100,'a01',10,'0'),
 ('27',5,20,20,15,'墨門弟子',15,10,13,15,'少年馬超',50,1,'h0030',57,30,30,88,100,'a02',10,'50'),
 ('6',6,20,20,13,'墨門弟子',12,12,11,11,'胡車兒',29,2,'h0060',57,30,37,2,150,'a01',10,'0'),
 ('7',7,20,20,13,'墨門弟子',11,11,12,12,'胡車兒',58,2,'h0070',58,35,35,100,150,'a01',10,'0'),
 ('8',8,20,20,10,'墨門弟子',10,10,10,10,'胡車兒',50,1,'h0080',50,30,30,45,100,'a01',10,'0'),
 ('5',9,20,20,10,'墨門弟子',10,10,10,10,'劉備',50,1,'h0010',50,30,30,0,100,'a01',10,'0'),
 ('5',10,20,20,10,'墨門弟子',10,10,10,10,'關羽',50,1,'h0020',50,30,30,0,100,'a01',10,'0'),
 ('5',11,20,20,10,'墨門弟子',10,10,10,10,'張飛',50,1,'h0030',50,30,30,0,100,'a01',10,'0'),
 ('5',12,20,20,10,'墨門弟子',10,10,10,10,'諸葛亮',50,1,'h0040',50,30,30,0,100,'a01',10,'0'),
 ('5',13,20,20,10,'墨門弟子',10,10,10,10,'馬超',50,1,'h0050',50,30,30,0,100,'a01',10,'0'),
 ('1',14,20,20,36,'墨者',34,33,28,30,'胡車兒',138,14,'h0060',142,115,115,257,375,'a01',10,'0'),
 ('15',15,20,20,13,'墨門弟子',12,11,12,11,'胡車兒',58,2,'h0070',58,35,35,2,150,'a01',10,'0'),
 ('3',16,20,20,12,'墨門弟子',12,12,11,11,'胡車兒',57,2,'h0080',57,37,37,5,150,'a01',10,'0'),
 ('1',17,20,20,10,'墨門弟子',10,10,10,10,'劉備',41,1,'h0010',50,30,30,64,100,'a01',10,'0'),
 ('1',18,20,20,10,'墨門弟子',10,10,10,10,'關羽',50,1,'h0020',50,30,30,0,100,'a01',10,'0'),
 ('1',19,20,20,10,'墨門弟子',10,10,10,10,'張飛',50,1,'h0030',50,30,30,0,100,'a01',10,'0'),
 ('1',20,20,20,10,'墨門弟子',10,10,10,10,'諸葛亮',50,1,'h0040',50,30,30,0,100,'a01',10,'0'),
 ('1',21,20,20,10,'墨門弟子',10,10,10,10,'馬超',50,1,'h0050',50,30,30,0,100,'a01',10,'0'),
 ('2',22,20,20,16,'墨門弟子',13,15,14,16,'劉備',23,4,'h0010',71,37,49,60,175,'a01',10,'0'),
 ('2',23,20,20,10,'墨門弟子',10,10,10,10,'關羽',50,1,'h0020',50,30,30,0,100,'a01',10,'0'),
 ('2',24,20,20,10,'墨門弟子',10,10,10,10,'張飛',50,1,'h0030',50,30,30,0,100,'a01',10,'0'),
 ('2',25,20,20,10,'墨門弟子',10,10,10,10,'諸葛亮',50,1,'h0040',50,30,30,0,100,'a01',10,'0'),
 ('2',26,20,20,10,'墨門弟子',10,10,10,10,'馬超',50,1,'h0050',50,30,30,0,100,'a01',10,'0'),
 ('3',27,20,20,14,'墨門弟子',15,12,13,13,'劉備',65,3,'h0010',65,40,40,144,200,'a01',10,'0'),
 ('3',28,20,20,10,'墨門弟子',10,10,10,10,'關羽',50,1,'h0020',50,30,30,0,100,'a01',10,'0'),
 ('3',29,20,20,10,'墨門弟子',10,10,10,10,'張飛',50,1,'h0030',50,30,30,0,100,'a01',10,'0'),
 ('3',30,20,20,10,'墨門弟子',10,10,10,10,'諸葛亮',50,1,'h0040',50,30,30,0,100,'a01',10,'0'),
 ('3',31,20,20,10,'墨門弟子',10,10,10,10,'馬超',50,1,'h0050',50,30,30,0,100,'a01',10,'0'),
 ('4',32,20,20,22,'墨門弟子',17,19,17,19,'劉備',86,6,'h0010',86,63,63,129,350,'a01',10,'0'),
 ('4',33,20,20,10,'墨門弟子',10,10,10,10,'關羽',50,1,'h0020',50,30,30,0,100,'a01',10,'0'),
 ('4',34,20,20,10,'墨門弟子',10,10,10,10,'張飛',50,1,'h0030',50,30,30,0,100,'a01',10,'0'),
 ('4',35,20,20,10,'墨門弟子',10,10,10,10,'諸葛亮',50,1,'h0040',50,30,30,0,100,'a01',10,'0'),
 ('4',36,20,20,10,'墨門弟子',10,10,10,10,'馬超',50,1,'h0050',50,30,30,0,100,'a01',10,'0'),
 ('5',37,20,20,17,'墨門弟子',16,17,15,16,'劉備',78,5,'h0010',78,56,56,14,300,'a01',10,'0'),
 ('5',38,20,20,10,'墨門弟子',10,10,10,10,'關羽',50,1,'h0020',50,30,30,0,100,'a01',10,'0'),
 ('5',39,20,20,10,'墨門弟子',10,10,10,10,'張飛',50,1,'h0030',50,30,30,0,100,'a01',10,'0'),
 ('5',40,20,20,10,'墨門弟子',10,10,10,10,'諸葛亮',50,1,'h0040',50,30,30,0,100,'a01',10,'0'),
 ('5',41,20,20,10,'墨門弟子',10,10,10,10,'馬超',50,1,'h0050',50,30,30,0,100,'a01',10,'0'),
 ('1',42,100,100,100,'墨者',100,100,100,100,'革離',100,100,'h0020',100,100,100,0,10,'a02',100,'1'),
 ('16',43,20,20,25,'墨門弟子',24,16,20,23,'少年馬超',22,5,'h0050',85,49,54,11,300,'a02',10,'50'),
 ('1',44,20,20,15,'墨門弟子',15,10,13,15,'少年馬超',50,1,'h0050',50,30,30,0,100,'a02',10,'50'),
 ('17',45,127,81,61,'伍長',68,39,44,46,'少年馬超',204,21,'h0050',204,148,148,641,900,'a02',10,'50'),
 ('27',46,66,46,32,'墨門弟子',35,21,25,28,'少年馬超',95,9,'h0050',117,59,76,229,500,'a02',10,'50'),
 ('17',47,20,20,12,'墨門弟子',12,13,20,11,'少年劉備',50,1,'h0010',50,30,30,0,100,'b01',10,'51'),
 ('17',48,20,20,12,'墨門弟子',12,13,20,11,'少年劉備',50,1,'h0010',50,30,30,0,100,'b01',10,'51'),
 ('37',49,100,100,100,'墨者',100,100,100,100,'革離',100,100,'h0020',100,100,100,47,10,'a02',100,'1'),
 ('37',50,36,28,19,'墨門弟子',19,14,15,18,'少年馬超',72,3,'h0050',72,44,44,24,100,'a02',10,'50'),
 ('37',51,100,100,100,'墨者',100,100,100,100,'革離',100,100,'h0020',100,100,100,0,10,'a02',100,'1');
/*!40000 ALTER TABLE `a3k_fellow` ENABLE KEYS */;


--
-- Definition of table `a3k_fellowshop`
--

DROP TABLE IF EXISTS `a3k_fellowshop`;
CREATE TABLE `a3k_fellowshop` (
  `fl_id` varchar(10) NOT NULL default '0',
  `p_at` int(10) unsigned NOT NULL,
  `p_df` int(10) unsigned NOT NULL,
  `p_agl` int(10) unsigned NOT NULL,
  `p_rankname` varchar(20) NOT NULL,
  `p_str` int(10) unsigned NOT NULL,
  `p_smart` int(10) unsigned NOT NULL,
  `p_vit` int(10) unsigned NOT NULL,
  `p_bone` int(10) unsigned NOT NULL,
  `p_name` varchar(20) NOT NULL,
  `p_hp` int(10) unsigned NOT NULL,
  `p_lv` int(10) unsigned NOT NULL,
  `p_img` varchar(30) NOT NULL,
  `p_hpmax` int(10) unsigned NOT NULL,
  `p_mn` int(10) unsigned NOT NULL,
  `p_mnmax` int(10) unsigned NOT NULL,
  `p_exp` int(10) unsigned NOT NULL,
  `p_nextexp` bigint(10) unsigned NOT NULL,
  `role_id` varchar(10) NOT NULL,
  `faith` int(10) unsigned NOT NULL,
  `f_tradedata` text COMMENT '武將合成資料JSON',
  `fl_cash` int(10) NOT NULL,
  PRIMARY KEY  (`fl_id`)
) ENGINE=MyISAM DEFAULT CHARSET=utf8 ROW_FORMAT=DYNAMIC;

--
-- Dumping data for table `a3k_fellowshop`
--

/*!40000 ALTER TABLE `a3k_fellowshop` DISABLE KEYS */;
INSERT INTO `a3k_fellowshop` (`fl_id`,`p_at`,`p_df`,`p_agl`,`p_rankname`,`p_str`,`p_smart`,`p_vit`,`p_bone`,`p_name`,`p_hp`,`p_lv`,`p_img`,`p_hpmax`,`p_mn`,`p_mnmax`,`p_exp`,`p_nextexp`,`role_id`,`faith`,`f_tradedata`,`fl_cash`) VALUES 
 ('1',100,100,100,'墨者',100,100,100,100,'革離',100,100,'h0020',100,100,100,0,10,'a02',100,NULL,0),
 ('2',100,100,100,'墨者',100,200,100,200,'momo',100,100,'h0050',100,100,100,100,1000,'a02',0,NULL,0),
 ('3',20,20,10,'墨門弟子',10,10,10,10,'劉備',50,1,'h0010',50,30,30,0,100,'b01',10,NULL,0),
 ('4',20,20,10,'墨門弟子',10,10,10,10,'關羽',50,1,'h0020',50,30,30,0,100,'a01',10,NULL,0),
 ('5',20,20,10,'墨門弟子',10,10,10,10,'張飛',50,1,'h0030',50,30,30,0,100,'a01',10,NULL,0),
 ('50',20,20,15,'墨門弟子',15,10,13,15,'少年馬超',50,1,'h0050',50,30,30,0,100,'a02',10,NULL,0),
 ('51',20,20,12,'墨門弟子',12,13,20,11,'少年劉備',50,1,'h0010',50,30,30,0,100,'b01',10,NULL,0),
 ('6',20,20,10,'墨門弟子',10,10,10,10,'諸葛亮',50,1,'h0040',50,30,30,0,100,'a01',10,NULL,0),
 ('7',20,20,10,'墨門弟子',10,10,10,10,'馬超',50,1,'h0050',50,30,30,0,100,'a01',10,NULL,0);
/*!40000 ALTER TABLE `a3k_fellowshop` ENABLE KEYS */;


--
-- Definition of table `a3k_group`
--

DROP TABLE IF EXISTS `a3k_group`;
CREATE TABLE `a3k_group` (
  `g_id` int(10) NOT NULL auto_increment,
  `g_name` varchar(10) default NULL,
  `g_leader` varchar(10) default NULL,
  `g_count` tinyint(3) default NULL,
  `g_text` text,
  PRIMARY KEY  (`g_id`)
) ENGINE=MyISAM AUTO_INCREMENT=4 DEFAULT CHARSET=utf8;

--
-- Dumping data for table `a3k_group`
--

/*!40000 ALTER TABLE `a3k_group` DISABLE KEYS */;
/*!40000 ALTER TABLE `a3k_group` ENABLE KEYS */;


--
-- Definition of table `a3k_group_invitation`
--

DROP TABLE IF EXISTS `a3k_group_invitation`;
CREATE TABLE `a3k_group_invitation` (
  `g_id` varchar(10) NOT NULL default '',
  `p_id` varchar(10) NOT NULL default '',
  PRIMARY KEY  (`g_id`,`p_id`)
) ENGINE=MyISAM DEFAULT CHARSET=utf8;

--
-- Dumping data for table `a3k_group_invitation`
--

/*!40000 ALTER TABLE `a3k_group_invitation` DISABLE KEYS */;
/*!40000 ALTER TABLE `a3k_group_invitation` ENABLE KEYS */;


--
-- Definition of table `a3k_group_message`
--

DROP TABLE IF EXISTS `a3k_group_message`;
CREATE TABLE `a3k_group_message` (
  `m_id` int(10) NOT NULL auto_increment,
  `g_id` varchar(10) default NULL,
  `g_message` text,
  `g_writetime` int(10) default '0',
  PRIMARY KEY  (`m_id`)
) ENGINE=MyISAM DEFAULT CHARSET=utf8;

--
-- Dumping data for table `a3k_group_message`
--

/*!40000 ALTER TABLE `a3k_group_message` DISABLE KEYS */;
/*!40000 ALTER TABLE `a3k_group_message` ENABLE KEYS */;


--
-- Definition of table `a3k_items`
--

DROP TABLE IF EXISTS `a3k_items`;
CREATE TABLE `a3k_items` (
  `id` int(10) unsigned NOT NULL auto_increment,
  `item_id` varchar(10) NOT NULL,
  `item_name` varchar(20) NOT NULL default '--' COMMENT '名稱',
  `item_type1` smallint(5) unsigned NOT NULL default '0' COMMENT '物品類別1',
  `item_type2` smallint(5) unsigned NOT NULL default '0' COMMENT '物品類別2',
  `item_img` varchar(10) default NULL COMMENT '圖像名稱',
  `item_ef_at` int(10) unsigned default NULL COMMENT '攻擊力',
  `item_ef_df` int(10) unsigned default NULL COMMENT '防禦力',
  `item_ef_str` int(10) unsigned default NULL COMMENT '力量',
  `item_ef_bone` int(10) unsigned default NULL COMMENT '根骨',
  `item_ef_vit` int(10) unsigned default NULL COMMENT '體魄',
  `item_ef_agl` int(10) unsigned default NULL COMMENT '速度',
  `item_ef_smart` int(10) unsigned default NULL COMMENT '智力',
  `item_ef_hp` int(10) unsigned NOT NULL default '0' COMMENT 'HP',
  `item_ef_mn` int(10) unsigned NOT NULL default '0' COMMENT 'MN',
  `item_stackable` tinyint(1) default '0' COMMENT '可否堆疊',
  `item_storeid` varchar(10) default NULL COMMENT '商店',
  `item_tradable` tinyint(1) NOT NULL default '0' COMMENT '榜定',
  `item_desc` varchar(200) default NULL COMMENT '物品說明',
  `item_price` int(10) unsigned default '0' COMMENT '物品售價',
  `item_r_price` int(10) unsigned NOT NULL default '0' COMMENT '商城幣(0=不是商城物)',
  `  	item_mixable` text,
  PRIMARY KEY  (`id`)
) ENGINE=MyISAM AUTO_INCREMENT=82 DEFAULT CHARSET=utf8 ROW_FORMAT=DYNAMIC;

--
-- Dumping data for table `a3k_items`
--

/*!40000 ALTER TABLE `a3k_items` DISABLE KEYS */;
INSERT INTO `a3k_items` (`id`,`item_id`,`item_name`,`item_type1`,`item_type2`,`item_img`,`item_ef_at`,`item_ef_df`,`item_ef_str`,`item_ef_bone`,`item_ef_vit`,`item_ef_agl`,`item_ef_smart`,`item_ef_hp`,`item_ef_mn`,`item_stackable`,`item_storeid`,`item_tradable`,`item_desc`,`item_price`,`item_r_price`,`  	item_mixable`) VALUES 
 (1,'a0001','新手頭巾',1,1,'a001',0,0,0,0,5,0,0,0,0,0,'NULL',1,'新手使用的頭巾',1,0,NULL),
 (2,'a0002','麻布頭巾',1,1,'a004',0,0,0,0,10,0,0,0,0,0,'z01',1,'麻布頭巾',100,0,NULL),
 (3,'a0003','布帽',1,1,'a007',0,0,0,2,7,0,0,0,0,0,'z01',1,'布帽',150,0,NULL),
 (4,'a0004','麻布帽',1,1,'a001',0,0,0,0,15,0,0,0,0,0,'z01',1,'麻布帽',200,0,NULL),
 (5,'a0005','木製頭盔',1,1,'a004',0,0,0,0,20,0,0,0,0,0,'z02',1,'木製頭盔',250,0,NULL),
 (6,'a0006','蠶絲帽',1,1,'a007',0,0,0,5,12,0,0,0,0,0,'z02',1,'蠶絲帽',300,0,NULL),
 (7,'a0007','硬木頭盔',1,1,'a001',0,0,0,0,25,0,0,0,0,0,'z02',1,'硬木頭盔',350,0,NULL),
 (8,'a0008','破舊頭盔',1,1,'a001',0,0,0,0,30,0,0,0,0,0,'NULL',1,'破舊頭盔',400,0,NULL),
 (9,'a0009','鐵頭盔',1,1,'a001',0,0,0,8,22,0,0,0,0,0,'NULL',1,'鐵頭盔',450,0,NULL),
 (10,'b0001','新手服',1,2,'b001',0,0,0,0,10,0,0,0,0,0,'NULL',1,'新手使用的服裝',1,0,NULL),
 (11,'b0002','麻布服',1,2,'b004',0,0,0,0,15,0,0,0,0,0,'z01',1,'麻布服',100,0,NULL),
 (12,'b0003','布裝',1,2,'b007',0,0,0,0,13,2,0,0,0,0,'z01',1,'布裝',150,0,NULL),
 (13,'b0004','麻布長袍',1,2,'b001',0,0,0,0,20,0,0,0,0,0,'z01',1,'麻布長袍',200,0,NULL),
 (14,'b0005','皮製長袍',1,2,'b004',0,0,0,0,25,0,0,0,0,0,'z02',1,'皮製長袍',250,0,NULL),
 (15,'b0006','蠶絲長袍',1,2,'b007',0,0,0,0,22,5,0,0,0,0,'z02',1,'蠶絲長袍',300,0,NULL),
 (16,'b0007','皮甲',1,2,'b001',0,0,0,0,30,0,0,0,0,0,'z02',1,'皮甲',350,0,NULL),
 (17,'b0008','破舊鎧甲',1,2,'b001',0,0,0,0,35,0,0,0,0,0,'NULL',1,'破舊鎧甲',400,0,NULL),
 (18,'b0009','鐵鎧甲',1,2,'b001',0,0,0,0,33,7,0,0,0,0,'NULL',1,'鐵鎧甲',450,0,NULL),
 (19,'c0001','新手披肩',1,3,'c001',0,0,0,0,0,0,0,5,0,0,'NULL',1,'新手使用的披肩',1,0,NULL),
 (20,'c0002','麻布披肩',1,3,'c004',0,0,0,0,0,0,0,10,0,0,'z01',1,'麻布披肩',100,0,NULL),
 (21,'c0003','布披肩',1,3,'c007',0,0,0,0,0,0,0,8,10,0,'z01',1,'布披肩',150,0,NULL),
 (22,'c0004','麻布披風',1,3,'c001',0,0,0,0,0,0,0,5,0,0,'z01',1,'麻布披風',200,0,NULL),
 (23,'c0005','皮製披風',1,3,'c004',0,0,0,0,0,0,0,10,0,0,'z02',1,'皮製披風',250,0,NULL),
 (24,'c0006','蠶絲披風',1,3,'c007',0,0,0,0,0,0,0,8,10,0,'z02',1,'蠶絲披風',300,0,NULL),
 (25,'c0007','獸皮披肩',1,3,'c001',0,0,0,0,0,0,0,5,0,0,'z02',1,'獸皮披肩',350,0,NULL),
 (26,'c0008','狼皮披風',1,3,'c001',0,0,0,0,0,0,0,10,0,0,'NULL',1,'狼皮披風',400,0,NULL),
 (27,'c0009','虎皮披風',1,3,'c001',0,0,0,0,0,0,0,8,10,0,'NULL',1,'虎皮披風',450,0,NULL),
 (28,'d0001','新手鞋',1,4,'d001',0,0,0,0,5,0,0,0,0,0,'NULL',1,'新手使用的鞋',1,0,NULL),
 (29,'d0002','麻布鞋',1,4,'d004',0,0,0,0,10,0,0,0,0,0,'z01',1,'麻布鞋',100,0,NULL),
 (30,'d0003','布鞋',1,4,'d007',0,0,0,0,7,5,0,0,0,0,'z01',1,'布鞋',150,0,NULL),
 (31,'d0004','麻布長鞋',1,4,'d001',0,0,0,0,15,0,0,0,0,0,'z01',1,'麻布長鞋',200,0,NULL),
 (32,'d0005','皮鞋',1,4,'d004',0,0,0,0,20,0,0,0,0,0,'z02',1,'皮鞋',250,0,NULL),
 (33,'d0006','蠶絲鞋',1,4,'d007',0,0,0,0,12,8,0,0,0,0,'z02',1,'蠶絲鞋',300,0,NULL),
 (34,'d0007','皮製長鞋',1,4,'d001',0,0,0,0,25,0,0,0,0,0,'z02',1,'皮製長鞋',350,0,NULL),
 (35,'d0008','精緻皮鞋',1,4,'d001',0,0,0,0,30,0,0,0,0,0,'NULL',1,'精緻皮鞋',400,0,NULL),
 (36,'d0009','精緻短靴',1,4,'d001',0,0,0,0,22,10,0,0,0,0,'NULL',1,'精緻短靴',450,0,NULL),
 (37,'e0001','新手指環',1,5,'e001',0,0,2,0,2,0,0,0,0,0,'NULL',1,'新手使用的指環',1,0,NULL),
 (38,'e0002','木製指環',1,5,'e004',0,0,5,0,5,0,0,0,0,0,'z01',1,'木製指環',100,0,NULL),
 (39,'e0003','陶土指環',1,5,'e007',0,0,2,0,2,0,0,5,5,0,'z01',1,'陶土指環',150,0,NULL),
 (40,'e0004','玉指環',1,5,'e001',0,0,8,0,8,0,0,0,0,0,'z01',1,'玉指環',200,0,NULL),
 (41,'e0005','銀指環',1,5,'e004',0,0,10,0,10,0,0,0,0,0,'z02',1,'銀指環',250,0,NULL),
 (42,'e0006','鐵指環',1,5,'e007',0,0,8,0,8,0,0,10,10,0,'z02',1,'鐵指環',300,0,NULL),
 (43,'e0007','銅指環',1,5,'e001',0,0,13,0,13,0,0,0,0,0,'z02',1,'銅指環',350,0,NULL),
 (44,'e0008','青銅指環',1,5,'e001',0,0,15,0,15,0,0,0,0,0,'NULL',1,'青銅指環',400,0,NULL),
 (45,'e0009','翡翠指環',1,5,'e001',0,0,13,0,13,0,0,15,15,0,'NULL',1,'翡翠指環',450,0,NULL),
 (46,'f0001','新手劍',1,6,'f001',0,0,10,0,0,0,0,0,0,0,'NULL',1,'新手使用的劍',1,0,NULL),
 (47,'f0002','木劍',1,6,'f001',0,0,15,0,0,0,0,0,0,0,'z01',1,'木劍',100,0,NULL),
 (48,'f0003','短匕首',1,6,'f004',0,0,13,0,0,1,0,0,0,0,'z01',1,'短匕首',150,0,NULL),
 (49,'f0004','柴刀',1,6,'f007',0,0,20,0,0,0,0,0,0,0,'z01',1,'柴刀',200,0,NULL),
 (50,'f0005','長劍',1,6,'f001',0,0,25,0,0,0,0,0,0,0,'z02',1,'長劍',250,0,NULL),
 (51,'f0006','斧頭',1,6,'f004',0,0,22,0,0,3,0,0,0,0,'z02',1,'斧頭',300,0,NULL),
 (52,'f0007','長槍',1,6,'f007',0,0,30,0,0,0,0,0,0,0,'z02',1,'長槍',350,0,NULL),
 (53,'f0008','鐵劍',1,6,'f001',0,0,35,0,0,0,0,0,0,0,'NULL',1,'鐵劍',400,0,NULL),
 (54,'f0009','鐵斧',1,6,'f001',0,0,33,0,0,5,0,0,0,0,'NULL',1,'鐵斧',450,0,NULL),
 (55,'g0001','小補散',2,1,'g001',0,0,0,0,0,0,0,50,0,1,'z01',1,'小補散',20,0,NULL),
 (56,'g0002','小補丹',2,1,'g002',0,0,0,0,0,0,0,80,0,1,'z01',1,'小補丹',35,0,NULL),
 (57,'g0003','大補散',2,1,'g003',0,0,0,0,0,0,0,100,0,1,'z01',1,'大補散',50,0,NULL),
 (58,'g0004','大埔丹',2,1,'h001',0,0,0,0,0,0,0,150,0,1,'z01',1,'大埔丹',100,0,NULL),
 (59,'g0005','小還散',2,2,'g004',0,0,0,0,0,0,0,0,30,1,'z01',1,'小還散',20,0,NULL),
 (60,'g0006','小還丹',2,2,'g005',0,0,0,0,0,0,0,0,50,1,'z01',1,'小還丹',35,0,NULL),
 (61,'g0007','大還散',2,2,'g006',0,0,0,0,0,0,0,0,80,1,'z01',1,'大還散',50,0,NULL),
 (62,'g0008','大還丹',2,2,'h001',0,0,0,0,0,0,0,0,100,1,'z01',1,'大還丹',100,0,NULL),
 (63,'g0009','回春散',2,3,'g007',0,0,0,0,0,0,0,40,40,1,'z01',1,'回春散',40,0,NULL),
 (64,'g0010','回春丹',2,3,'g008',0,0,0,0,0,0,0,100,100,1,'z01',1,'回春丹',80,0,NULL),
 (65,'h0001','雜物',3,1,'a001',0,0,0,0,0,0,0,0,0,1,'NULL',1,'雜物',5,0,NULL),
 (66,'i0001','山賊的密件',3,2,'k0001',0,0,0,0,0,0,0,0,0,1,'NULL',0,'山賊的密件',0,0,NULL),
 (67,'i0002','山賊頭目的首級',3,2,'k0007',0,0,0,0,0,0,0,0,0,1,'NULL',0,'山賊頭目的首級',0,0,NULL),
 (68,'i0003','王小妹的髮飾',3,2,'e0051',0,0,0,0,0,0,0,0,0,1,'NULL',0,'王小妹的髮飾',0,0,NULL),
 (69,'i0004','羌族軍事情報',3,2,'k0001',0,0,0,0,0,0,0,0,0,1,'NULL',0,'羌族軍事情報',0,0,NULL),
 (70,'i0005','羌王求救信',3,2,'k0001',0,0,0,0,0,0,0,0,0,1,'NULL',0,'羌王求救信',0,0,NULL),
 (71,'i0006','羌族參謀信物',3,2,'e0021',0,0,0,0,0,0,0,0,0,1,'NULL',0,'羌族參謀信物',0,0,NULL),
 (72,'i0007','羌營配置圖(內營)',3,2,'l006',0,0,0,0,0,0,0,0,0,1,'NULL',0,'羌營配置圖(內營)',0,0,NULL),
 (73,'i0008','羌營配置圖(外營)',3,2,'l006',0,0,0,0,0,0,0,0,0,1,'NULL',0,'羌營配置圖(外營)',0,0,NULL),
 (74,'i0009','羌族之王首級',3,2,'k0007',0,0,0,0,0,0,0,0,0,1,'NULL',0,'羌族單于的首級',0,0,NULL),
 (75,'i0010','劇毒蛇膽',3,2,'h0011',0,0,0,0,0,0,0,0,0,1,'NULL',0,'劇毒蛇膽',0,0,NULL),
 (76,'i0011','董老闆的古董',3,2,'l006',0,0,0,0,0,0,0,0,0,1,'NULL',0,'董老闆的古董',0,0,NULL),
 (77,'i0012','太平人公令',3,2,'l006',0,0,0,0,0,0,0,0,0,1,'NULL',0,'太平人公令',0,0,NULL),
 (78,'i0013','黃色頭巾',3,2,'a0052',0,0,0,0,0,0,0,0,0,1,'NULL',0,'黃色頭巾',0,0,NULL),
 (79,'i0014','黑風解毒藥',3,2,'l006',0,0,0,0,0,0,0,0,0,1,'NULL',0,'黑風解毒藥',0,0,NULL),
 (80,'j0001','商城大補散',2,1,'l001',0,0,0,0,0,0,0,200,0,1,'sp',1,'大補散',1,10,NULL),
 (81,'j0002','商城大還散',2,2,'l001',0,0,0,0,0,0,0,0,160,1,'sp',1,'大還散',1,20,NULL);
/*!40000 ALTER TABLE `a3k_items` ENABLE KEYS */;


--
-- Definition of table `a3k_lvlchart`
--

DROP TABLE IF EXISTS `a3k_lvlchart`;
CREATE TABLE `a3k_lvlchart` (
  `lvlchart_id` int(10) unsigned NOT NULL auto_increment,
  `level` int(10) unsigned default '0' COMMENT '等級',
  `nextexp` int(10) unsigned default '0' COMMENT '所需經驗值',
  `lvl_rankname` varchar(10) NOT NULL COMMENT '等級稱為',
  PRIMARY KEY  (`lvlchart_id`)
) ENGINE=MyISAM AUTO_INCREMENT=101 DEFAULT CHARSET=utf8 ROW_FORMAT=DYNAMIC COMMENT='升級所需經驗 + 稱號; InnoDB free: 11264 kB';

--
-- Dumping data for table `a3k_lvlchart`
--

/*!40000 ALTER TABLE `a3k_lvlchart` DISABLE KEYS */;
INSERT INTO `a3k_lvlchart` (`lvlchart_id`,`level`,`nextexp`,`lvl_rankname`) VALUES 
 (1,1,100,'墨門弟子'),
 (2,2,100,'墨門弟子'),
 (3,3,100,'墨門弟子'),
 (4,4,100,'墨門弟子'),
 (5,5,100,'墨門弟子'),
 (6,6,100,'墨門弟子'),
 (7,7,100,'墨門弟子'),
 (8,8,100,'墨門弟子'),
 (9,9,100,'墨門弟子'),
 (10,10,100,'墨門弟子'),
 (11,11,100,'墨門習者'),
 (12,12,100,'墨門習者'),
 (13,13,100,'墨門習者'),
 (14,14,100,'墨門習者'),
 (15,15,100,'墨門習者'),
 (16,16,100,'墨門習者'),
 (17,17,100,'墨門習者'),
 (18,18,100,'墨門習者'),
 (19,19,100,'墨門習者'),
 (20,20,100,'墨門習者'),
 (21,21,100,'伍長'),
 (22,22,100,'伍長'),
 (23,23,100,'伍長'),
 (24,24,100,'伍長'),
 (25,25,100,'伍長'),
 (26,26,100,'伍長'),
 (27,27,100,'伍長'),
 (28,28,100,'伍長'),
 (29,29,100,'伍長'),
 (30,30,100,'伍長'),
 (31,31,100,'什長'),
 (32,32,100,'什長'),
 (33,33,100,'什長'),
 (34,34,100,'什長'),
 (35,35,100,'什長'),
 (36,36,100,'什長'),
 (37,37,100,'什長'),
 (38,38,100,'什長'),
 (39,39,100,'什長'),
 (40,40,100,'什長'),
 (41,41,100,'都伯'),
 (42,42,100,'都伯'),
 (43,43,100,'都伯'),
 (44,44,100,'都伯'),
 (45,45,100,'都伯'),
 (46,46,100,'都伯'),
 (47,47,100,'都伯'),
 (48,48,100,'都伯'),
 (49,49,100,'都伯'),
 (50,50,100,'都伯'),
 (51,51,6300,'司馬'),
 (52,52,6450,'司馬'),
 (53,53,6600,'司馬'),
 (54,54,6750,'司馬'),
 (55,55,6900,'司馬'),
 (56,56,7050,'司馬'),
 (57,57,7200,'司馬'),
 (58,58,7350,'司馬'),
 (59,59,7500,'司馬'),
 (60,60,7650,'司馬'),
 (61,61,7800,'尉'),
 (62,62,7950,'尉'),
 (63,63,8100,'尉'),
 (64,64,8250,'尉'),
 (65,65,8400,'尉'),
 (66,66,8550,'尉'),
 (67,67,8700,'尉'),
 (68,68,8850,'尉'),
 (69,69,9000,'尉'),
 (70,70,9150,'尉'),
 (71,71,9300,'都尉'),
 (72,72,9450,'都尉'),
 (73,73,9600,'都尉'),
 (74,74,9750,'都尉'),
 (75,75,9900,'都尉'),
 (76,76,10050,'都尉'),
 (77,77,10200,'都尉'),
 (78,78,10350,'都尉'),
 (79,79,10500,'都尉'),
 (80,80,10650,'都尉'),
 (81,81,10800,'中郎將'),
 (82,82,10950,'中郎將'),
 (83,83,11100,'中郎將'),
 (84,84,11250,'中郎將'),
 (85,85,11400,'中郎將'),
 (86,86,11550,'中郎將'),
 (87,87,11700,'中郎將'),
 (88,88,11850,'中郎將'),
 (89,89,12000,'中郎將'),
 (90,90,12150,'中郎將'),
 (91,91,12300,'裨將軍'),
 (92,92,12450,'裨將軍'),
 (93,93,12600,'裨將軍'),
 (94,94,12750,'裨將軍'),
 (95,95,12900,'裨將軍'),
 (96,96,13050,'裨將軍'),
 (97,97,13200,'裨將軍'),
 (98,98,13350,'裨將軍'),
 (99,99,13500,'裨將軍'),
 (100,100,13650,'裨將軍');
/*!40000 ALTER TABLE `a3k_lvlchart` ENABLE KEYS */;


--
-- Definition of table `a3k_map`
--

DROP TABLE IF EXISTS `a3k_map`;
CREATE TABLE `a3k_map` (
  `id` int(10) unsigned NOT NULL auto_increment,
  `map_state_name` varchar(20) default NULL,
  `map_city_name` varchar(20) default NULL,
  `map_player_lv` int(10) unsigned default NULL,
  `map_img` varchar(10) default NULL COMMENT '戰鬥背景圖檔名(多個) (rand)',
  `map_html` varchar(30) default NULL COMMENT 'reserve for mission like, when move jump to other page',
  `map_id` varchar(10) NOT NULL,
  `map_control` tinyint(1) NOT NULL default '0' COMMENT '地圖控制 0=> 戰鬥 1=> 城內',
  PRIMARY KEY  (`id`)
) ENGINE=MyISAM AUTO_INCREMENT=19 DEFAULT CHARSET=utf8 COMMENT='地圖表';

--
-- Dumping data for table `a3k_map`
--

/*!40000 ALTER TABLE `a3k_map` DISABLE KEYS */;
INSERT INTO `a3k_map` (`id`,`map_state_name`,`map_city_name`,`map_player_lv`,`map_img`,`map_html`,`map_id`,`map_control`) VALUES 
 (1,'墨門','墨門',0,'c1','city140.html','z00',1),
 (2,'墨門','墨門後山',0,'m0070','','x01',0),
 (3,'涼州','墨家邨(城鎮)',0,'c1','city140.html','z01',1),
 (4,'涼州','飛熊山麓(5)',5,'m0070','','a01',0),
 (5,'涼州','飛熊山道(10)',10,'m0090','','a02',0),
 (6,'涼州','金城沙漠(15)',15,'m0170','','a03',0),
 (7,'涼州','金城羌營(20)',20,'m0110','','a04',0),
 (8,'涼州','羌族根據地(25)',25,'m0110','','a05',0),
 (9,'雍州','雍州府(城鎮)',20,'c2','city1410.html','z02',1),
 (10,'雍州','隴西郡城(30)',30,'m0130','','b01',0),
 (11,'雍州','黑風洞(35)',35,'m0200','','b02',0),
 (12,'雍州','安定市集(40)',40,'m0060','','b03',0),
 (13,'雍州','董璜府(40)',45,'m0040','','b04',0),
 (14,'司州','洛陽(城鎮)',50,'c3','city149.html','z03',1),
 (15,'司州','董卓大營(45)',55,'m0110','','c01',0),
 (16,'司州','河內城下(50)',60,'m0140','','c02',0),
 (17,'司州','虎嘯林(55)',65,'m0180','','c03',0),
 (18,'司州','盤蛇洞(60)',70,'m0200','','c04',0);
/*!40000 ALTER TABLE `a3k_map` ENABLE KEYS */;


--
-- Definition of table `a3k_monster`
--

DROP TABLE IF EXISTS `a3k_monster`;
CREATE TABLE `a3k_monster` (
  `p_id` int(10) unsigned NOT NULL auto_increment,
  `p_at` int(10) unsigned NOT NULL default '0' COMMENT '攻擊力',
  `p_df` int(10) unsigned NOT NULL default '0' COMMENT '防禦力',
  `p_agl` int(10) unsigned NOT NULL default '0' COMMENT '速度',
  `p_name` varchar(10) NOT NULL default '--' COMMENT '怪名',
  `p_hp` int(10) unsigned NOT NULL default '0' COMMENT '體力',
  `p_lv` int(10) unsigned NOT NULL default '0' COMMENT '等級',
  `d_id` varchar(100) default '0' COMMENT '掉落物ID',
  `p_topr` smallint(5) unsigned default '0' COMMENT '調物機率',
  `p_map` varchar(10) NOT NULL COMMENT '出現地圖',
  `p_img` varchar(10) default NULL COMMENT '圖檔名',
  `pf_ids` varchar(100) default NULL COMMENT '帶的同伴(seperate by `  )',
  `p_1001_id` varchar(10) NOT NULL default '0' COMMENT '1001ya 企劃用',
  PRIMARY KEY  (`p_id`)
) ENGINE=MyISAM AUTO_INCREMENT=262 DEFAULT CHARSET=utf8;

--
-- Dumping data for table `a3k_monster`
--

/*!40000 ALTER TABLE `a3k_monster` DISABLE KEYS */;
INSERT INTO `a3k_monster` (`p_id`,`p_at`,`p_df`,`p_agl`,`p_name`,`p_hp`,`p_lv`,`d_id`,`p_topr`,`p_map`,`p_img`,`pf_ids`,`p_1001_id`) VALUES 
 (1,10,8,5,'野熊',30,3,'g0003`f0004',100,'a01','n0541','a01001','a01001'),
 (4,55,32,18,'山賊精兵',110,9,'g0003`f0004',100,'a02','n0295','a02002','a02002'),
 (7,58,33,18,'涼州士兵',120,13,'g0003`f0004',100,'a03','n0010','a03002','a03002'),
 (10,58,33,18,'張濟',120,15,'g0003`f0004',100,'a03','n0080','a03005','a03005'),
 (13,65,43,26,'羌族參謀',160,17,'i0004',100,'a04','n0390','a04002','a04002'),
 (16,70,48,33,'金城精兵',180,19,'g0003`f0004',100,'a04','n0460','a04005','a04005'),
 (22,80,55,39,'羌兵統領',220,23,'i0007`i0008',100,'a05','n0385','a05004','a05004'),
 (25,70,48,33,'羌族之王',180,25,'i0009',100,'a05','n0300','a05007','a05007'),
 (28,70,48,33,'隴西悍匪',180,28,'i0012',100,'b01','n0281','b01003','b01003'),
 (31,70,48,33,'可疑的悍匪首腦',180,30,'g0003`f0004',100,'b01','n0283','b01006','b01006'),
 (34,70,48,33,'黑風洞主',180,34,'g0003`f0004',100,'b02','n0381','b02003','b02003'),
 (37,30,24,15,'荒漠惡狼',90,13,'i0010',50,'a03','n0560','a00040`a00042`a00043','a00037'),
 (40,31,25,15,'羌族參謀',100,15,'g0003',5,'a03','n0312','a00040`a00042`a00043','a00040'),
 (41,31,25,15,'羌族參謀',100,15,'g0003',5,'a03','n0312','a00040`a00042`a00043','a00041'),
 (42,31,25,15,'羌族信差',100,15,'i0011`i0012',50,'a03','n0312','a00040`a00042`a00043','a00042'),
 (43,33,26,15,'羌兵小隊長',100,15,'i0013',50,'a03','n0313','a00040`a00042`a00043','a00043'),
 (46,34,28,15,'羌兵小頭目',100,15,'g0003',4,'a03','n0313','a00040`a00042`a00043','a00046'),
 (47,34,28,15,'羌兵頭目',100,15,'g0002`e0004',4,'a03','n0313','a00040`a00042`a00043','a00047'),
 (48,34,28,15,'羌族先鋒將',100,15,'g0003`f0004',4,'a03','n0313','a00040`a00042`a00043','a00048'),
 (49,35,29,15,'羌兵大盜',110,18,'g0003`a0005',4,'a04','n0335','a00049`a00054`a00065','a00049'),
 (50,35,29,15,'羌兵盜賊',110,18,'g0002`b0005',4,'a04','n0335','a00049`a00054`a00065','a00050'),
 (51,35,29,15,'羌兵盜賊',110,18,'g0003`c0005',4,'a04','n0335','a00049`a00054`a00065','a00051'),
 (52,36,30,15,'塞上惡虎',110,18,'g0002`d0005',4,'a04','n0535','a00049`a00054`a00065','a00052'),
 (53,36,30,15,'塞上老虎',110,18,'g0003`a0005',4,'a04','n0535','a00049`a00054`a00065','a00053'),
 (54,36,30,15,'塞上老虎',110,18,'g0002`b0005',4,'a04','n0535','a00049`a00054`a00065','a00054'),
 (55,38,31,15,'羌兵統領',110,18,'g0003`c0005',4,'a04','n0313','a00049`a00054`a00065','a00055'),
 (56,38,31,15,'羌兵小統領',110,18,'g0003`d0005',4,'a04','n0313','a00049`a00054`a00065','a00056'),
 (57,38,31,15,'羌兵小統領',110,18,'g0003',4,'a04','n0313','a00049`a00054`a00065','a00057'),
 (58,39,32,15,'嗜血惡虎',120,20,'g0003',4,'a04','n0532','a00049`a00054`a00065','a00058'),
 (59,39,32,15,'嗜血老虎',120,20,'g0003',4,'a04','n0532','a00049`a00054`a00065','a00059'),
 (60,39,32,15,'嗜血老虎',120,20,'g0003',4,'a04','n0532','a00049`a00054`a00065','a00060'),
 (61,40,33,15,'羌族軍師',120,20,'g0003',4,'a04','n0155','a00049`a00054`a00065','a00061'),
 (62,40,33,15,'羌族小軍師',120,20,'g0002`e0005',4,'a04','n0155','a00049`a00054`a00065','a00062'),
 (63,40,33,15,'羌族小軍師',120,20,'g0003`f0005',4,'a04','n0155','a00049`a00054`a00065','a00063'),
 (64,42,34,15,'羌族單于',120,20,'g0003',4,'a04','n0305','a00049`a00054`a00065','a00064'),
 (65,42,34,15,'羌族小單于',120,20,'g0002`e0005',4,'a04','n0305','a00049`a00054`a00065','a00065'),
 (66,42,34,15,'羌族單于',120,20,'g0003`f0005',4,'a04','n0305','a00049`a00054`a00065','a00066'),
 (67,43,36,15,'黑風土匪',130,23,'g0003`a0006',4,'b01','n0331','a00067`a00072`a00077','a00067'),
 (68,43,36,15,'黑風土匪',130,23,'g0002`b0006',4,'b01','n0331','a00067`a00072`a00077','a00068'),
 (69,43,36,15,'黑風土匪',130,23,'g0003`c0006',4,'b01','n0331','a00067`a00072`a00077','a00069'),
 (70,44,37,15,'黑風斥候',130,23,'g0002`d0006',4,'b01','n0331','a00067`a00072`a00077','a00070'),
 (71,44,37,15,'黑風斥候',130,23,'g0003`a0006',4,'b01','n0331','a00067`a00072`a00077','a00071'),
 (72,44,37,15,'黑風斥候',130,23,'g0002`b0006',4,'b01','n0331','a00067`a00072`a00077','a00072'),
 (73,45,38,15,'黑風搶匪',130,23,'g0003`c0006',4,'b01','n0331','a00067`a00072`a00077','a00073'),
 (74,45,38,15,'黑風搶匪',130,23,'g0003`d0006',4,'b01','n0331','a00067`a00072`a00077','a00074'),
 (75,45,38,15,'黑風搶匪',130,23,'g0003',4,'b01','n0331','a00067`a00072`a00077','a00075'),
 (76,47,39,15,'黑風尖兵',140,25,'g0003',4,'b01','n0333','a00067`a00072`a00077','a00076'),
 (77,47,39,15,'黑風尖兵',140,25,'g0003',4,'b01','n0333','a00067`a00072`a00077','a00077'),
 (78,47,39,15,'黑風尖兵',140,25,'g0003',4,'b01','n0333','a00067`a00072`a00077','a00078'),
 (79,48,40,15,'黑風精兵',140,25,'g0003',4,'b01','n0333','a00067`a00072`a00077','a00079'),
 (80,48,40,15,'黑風精兵',140,25,'g0002`e0006',4,'b01','n0333','a00067`a00072`a00078','a00080'),
 (81,48,40,15,'黑風精兵',140,25,'g0003`f0006',4,'b01','n0333','a00067`a00072`a00079','a00081'),
 (82,49,41,15,'黑風二當家',140,25,'g0003',4,'b01','n0382','a00067`a00072`a00080','a00082'),
 (83,49,41,15,'黑風二當家',140,25,'g0002`e0006',4,'b01','n0382','a00067`a00072`a00081','a00083'),
 (84,49,41,15,'黑風二當家',140,25,'g0003`f0006',4,'b01','n0382','a00067`a00072`a00082','a00084'),
 (85,51,42,15,'黑風大盜',150,28,'g0003`a0007',4,'b02','n0330','a00029','a00085'),
 (86,51,42,15,'黑風大盜',150,28,'g0002`b0007',4,'b02','n0330','a00029','a00086'),
 (87,51,42,15,'黑風大盜',150,28,'g0003`c0007',4,'b02','n0330','a00029','a00087'),
 (88,52,44,15,'黑風衛隊',150,28,'g0002`d0007',4,'b02','n0330','a00030','a00088'),
 (89,52,44,15,'黑風衛隊',150,28,'g0003`a0007',4,'b02','n0330','a00030','a00089'),
 (90,52,44,15,'黑風衛隊',150,28,'g0002`b0007',4,'b02','n0330','a00030','a00090'),
 (91,53,45,15,'黑風力士',150,28,'g0003`c0007',4,'b02','n0340','a00031','a00091'),
 (92,53,45,15,'黑風力士',150,28,'g0003`d0007',4,'b02','n0340','a00031','a00092'),
 (93,53,45,15,'黑風力士',150,28,'g0003',4,'b02','n0340','a00031','a00093'),
 (94,54,46,15,'黑風參謀',160,30,'g0003',4,'b02','n0124','a00032','a00094'),
 (95,54,46,15,'黑風參謀',160,30,'g0003',4,'b02','n0124','a00032','a00095'),
 (96,54,46,15,'黑風參謀',160,30,'g0003',4,'b02','n0124','a00032','a00096'),
 (97,56,47,15,'黑風二當家',160,30,'g0003',4,'b02','n0382','a00033','a00097'),
 (98,56,47,15,'黑風二當家',160,30,'g0002`e0006',4,'b02','n0382','a00033','a00098'),
 (99,56,47,15,'黑風二當家',160,30,'g0003`f0006',4,'b02','n0382','a00033','a00099'),
 (100,57,48,15,'黑風大當家',160,30,'g0003',4,'b02','n0324','a00034','a00100'),
 (101,57,48,15,'黑風大當家',160,30,'g0002`e0006',4,'b02','n0324','a00034','a00101'),
 (102,57,48,15,'黑風大當家',160,30,'g0003`f0006',4,'b02','n0324','a00034','a00102'),
 (103,58,49,25,'董家惡僕',180,33,'g0003',4,'b03','n0280','a00035`a00036','a00103'),
 (104,58,49,25,'董家惡僕',180,33,'g0003',4,'b03','n0280','a00035`a00036','a00104'),
 (105,58,49,25,'董家惡僕',180,33,'g0003',4,'b03','n0280','a00035`a00036','a00105'),
 (106,60,50,25,'董家惡奴',180,33,'g0003',4,'b03','n0280','a00035`a00036','a00106'),
 (107,60,50,25,'董家惡奴',180,33,'g0003',4,'b03','n0280','a00035`a00036','a00107'),
 (108,60,50,25,'董家惡奴',180,33,'g0003',4,'b03','n0280','a00035`a00036','a00108'),
 (109,61,52,25,'董家惡管事',180,33,'g0003',4,'b03','n0284','a00035`a00036','a00109'),
 (110,61,52,25,'董家惡管事',180,33,'g0003',4,'b03','n0284','a00035`a00036','a00110'),
 (111,61,52,25,'董家惡管事',180,33,'g0003',4,'b03','n0284','a00035`a00036','a00111'),
 (112,62,53,30,'董家武師',200,35,'g0003',4,'b03','n0364','a00035`a00036`a00037','a00112'),
 (113,62,53,30,'董家武師',200,35,'g0003',4,'b03','n0364','a00035`a00036`a00037','a00113'),
 (114,62,53,30,'董家武師',200,35,'g0003',4,'b03','n0364','a00035`a00036`a00037','a00114'),
 (115,63,54,30,'董家武師頭子',200,35,'g0003',4,'b03','n0362','a00037`a00038','a00115'),
 (116,63,54,30,'董家武師頭子',200,35,'g0003',4,'b03','n0362','a00037`a00038','a00116'),
 (117,63,54,30,'董家武師頭子',200,35,'g0003',4,'b03','n0362','a00037`a00038','a00117'),
 (118,65,55,35,'董璜',200,35,'g0003',4,'b03','n0395','a00038`a00039','a00118'),
 (119,65,55,35,'董璜',200,35,'g0003',4,'b03','n0395','a00038`a00039','a00119'),
 (120,65,55,35,'董璜',200,35,'g0003',4,'b03','n0395','a00038`a00039','a00120'),
 (121,66,56,35,'董府凶僕',250,37,'g0003',4,'b04','n0280','a00041`a00042','a00121'),
 (122,66,56,35,'董府凶僕',250,37,'g0003',4,'b04','n0280','a00041`a00042','a00122'),
 (123,66,56,35,'董府凶僕',250,37,'g0003',4,'b04','n0280','a00041`a00042','a00123'),
 (124,67,57,35,'董府謢院',250,37,'g0003',4,'b04','n0280','a00041`a00042','a00124'),
 (125,67,57,35,'董府謢院',250,37,'g0003',4,'b04','n0280','a00041`a00042','a00125'),
 (126,67,57,35,'董府謢院',250,37,'g0003',4,'b04','n0280','a00041`a00042','a00126'),
 (127,69,58,40,'董府護院總管',270,38,'g0003',4,'b04','n0281','a00041`a00042','a00127'),
 (128,69,58,40,'董府護院總管',270,38,'g0003',4,'b04','n0281','a00041`a00042','a00128'),
 (129,69,58,40,'董府護院總管',270,38,'g0003',4,'b04','n0281','a00041`a00042','a00129'),
 (130,70,60,40,'董府親兵',270,38,'g0003',4,'b04','n0575','a00043`a00045','a00130'),
 (131,70,60,40,'董府親兵',270,38,'g0003',4,'b04','n0575','a00043`a00045','a00131'),
 (132,70,60,40,'董府親兵',270,38,'g0003',4,'b04','n0575','a00043`a00045','a00132'),
 (133,71,61,40,'董府衛兵',270,38,'g0003',4,'b04','n0575','a00044`a00045','a00133'),
 (134,71,61,40,'董府衛兵',270,38,'g0003',4,'b04','n0575','a00044`a00045','a00134'),
 (135,71,61,40,'董府衛兵',270,38,'g0003',4,'b04','n0575','a00044`a00045','a00135'),
 (136,72,62,45,'董府兵長',300,40,'g0003',4,'b04','n0572','a00044`a00045','a00136'),
 (137,72,62,45,'董府兵長',300,40,'g0003',4,'b04','n0572','a00044`a00045','a00137'),
 (138,72,62,45,'董府兵長',300,40,'g0003',4,'b04','n0572','a00044`a00045','a00138'),
 (139,74,63,45,'董璜',330,40,'g0003',4,'b04','n0395','a00044`a00045','a00139'),
 (140,74,63,45,'董璜',330,40,'g0003',4,'b04','n0395','a00044`a00045','a00140'),
 (141,74,63,45,'董璜',330,40,'g0003',4,'b04','n0395','a00044`a00045','a00141'),
 (142,75,64,50,'牛輔',350,40,'g0003',4,'b04','n0485','a00046`a00047','a00142'),
 (143,75,64,50,'牛輔',350,40,'g0003',4,'b04','n0485','a00046`a00047','a00143'),
 (144,75,64,50,'牛輔',350,40,'g0003',4,'b04','n0485','a00046`a00047','a00144'),
 (145,76,65,50,'河東軍士兵',400,42,'g0003',4,'c01','n0445','a00049`a00050','a00145'),
 (146,76,65,50,'河東軍士兵',400,42,'g0003',4,'c01','n0445','a00049`a00050','a00146'),
 (147,76,65,50,'河東軍士兵',400,42,'g0003',4,'c01','n0445','a00049`a00050','a00147'),
 (148,78,66,50,'河東軍精兵',400,42,'g0003',4,'c01','n0445','a00049`a00050','a00148'),
 (149,78,66,50,'河東軍精兵',400,42,'g0003',4,'c01','n0445','a00049`a00050','a00149'),
 (150,78,66,50,'河東軍精兵',400,42,'g0003',4,'c01','n0445','a00049`a00050','a00150'),
 (151,79,68,50,'河東軍兵長',400,42,'g0003',4,'c01','n0442','a00049`a00050','a00151'),
 (152,79,68,50,'河東軍兵長',400,42,'g0003',4,'c01','n0442','a00049`a00050','a00152'),
 (153,79,68,50,'河東軍兵長',400,42,'g0003',4,'c01','n0442','a00049`a00050','a00153'),
 (154,80,69,52,'西涼鐵衛',460,44,'g0003',4,'c01','n0470','a00052`a00053','a00154'),
 (155,80,69,52,'西涼鐵衛',460,44,'g0003',4,'c01','n0470','a00052`a00053','a00155'),
 (156,80,69,52,'西涼鐵衛',460,44,'g0003',4,'c01','n0470','a00052`a00053','a00156'),
 (157,81,70,52,'西涼鐵衛兵長',500,44,'g0003',4,'c01','n0472','a00052`a00053','a00157'),
 (158,81,70,52,'西涼鐵衛兵長',500,44,'g0003',4,'c01','n0472','a00052`a00053','a00158'),
 (159,81,70,52,'西涼鐵衛兵長',500,44,'g0003',4,'c01','n0472','a00052`a00053','a00159'),
 (160,83,71,52,'李傕',530,45,'g0003',4,'c01','n0464','a00052`a00053','a00160'),
 (161,83,71,52,'李傕',530,45,'g0003',4,'c01','n0464','a00052`a00053','a00161'),
 (162,83,71,52,'李傕',530,45,'g0003',4,'c01','n0464','a00052`a00053','a00162'),
 (163,84,72,52,'郭汜',540,45,'g0003',4,'c01','n0464','a00052`a00054','a00163'),
 (164,84,72,52,'郭汜',540,45,'g0003',4,'c01','n0464','a00052`a00054','a00164'),
 (165,84,72,52,'郭汜',540,45,'g0003',4,'c01','n0464','a00052`a00054','a00165'),
 (166,85,73,52,'牛輔',550,45,'g0003',4,'c01','n0485','a00052`a00055','a00166'),
 (167,85,73,52,'牛輔',550,45,'g0003',4,'c01','n0485','a00052`a00055','a00167'),
 (168,85,73,52,'牛輔',550,45,'g0003',4,'c01','n0485','a00052`a00055','a00168'),
 (169,87,74,53,'李儒',560,45,'g0004',4,'c01','n0121','a00052`a00056','a00169'),
 (170,87,74,53,'李儒',560,45,'g0004',4,'c01','n0121','a00052`a00056','a00170'),
 (171,87,74,53,'李儒',560,45,'g0004',4,'c01','n0121','a00052`a00056','a00171'),
 (172,88,76,54,'華雄',580,45,'g0004',4,'c01','h0190','a00052`a00057','a00172'),
 (173,88,76,54,'華雄',580,45,'g0004',4,'c01','h0190','a00052`a00057','a00173'),
 (174,88,76,54,'華雄',580,45,'g0004',4,'c01','h0190','a00052`a00057','a00174'),
 (175,89,77,55,'董卓',600,45,'g0004',4,'c01','h0200','a00057`a00058','a00175'),
 (176,89,77,55,'董卓',600,45,'g0004',4,'c01','h0200','a00057`a00058','a00176'),
 (177,89,77,55,'董卓',600,45,'g0004',4,'c01','h0200','a00057`a00058','a00177'),
 (178,90,78,56,'黑風殘兵',630,46,'g0004',4,'c02','n0411','a00060`a00061','a00178'),
 (179,90,78,56,'黑風殘兵',630,46,'g0004',4,'c02','n0411','a00060`a00061','a00179'),
 (180,90,78,56,'黑風殘兵',630,46,'g0004',4,'c02','n0411','a00060`a00061','a00180'),
 (181,92,79,56,'黑風殘兵長',630,46,'g0004',4,'c02','n0411','a00060`a00061','a00181'),
 (182,92,79,56,'黑風殘兵長',630,46,'g0004',4,'c02','n0411','a00060`a00061','a00182'),
 (183,92,79,56,'黑風殘兵長',630,46,'g0004',4,'c02','n0411','a00060`a00061','a00183'),
 (184,93,80,56,'神秘道士',660,47,'g0004',4,'c02','n0215','a00062`a00063','a00184'),
 (185,93,80,56,'神秘道士',660,47,'g0004',4,'c02','n0215','a00062`a00063','a00185'),
 (186,93,80,56,'神秘道士',660,47,'g0004',4,'c02','n0215','a00062`a00063','a00186'),
 (187,94,81,56,'神密道長',660,47,'g0004',4,'c02','n0165','a00062`a00063','a00187'),
 (188,94,81,56,'神密道長',660,47,'g0004',4,'c02','n0165','a00062`a00063','a00188'),
 (189,94,81,56,'神密道長',660,47,'g0004',4,'c02','n0165','a00062`a00063','a00189'),
 (190,96,82,56,'流寇軍士兵',690,48,'g0004',4,'c02','n0405','a00064`a00065','a00190'),
 (191,96,82,56,'流寇軍士兵',690,48,'g0004',4,'c02','n0405','a00064`a00065','a00191'),
 (192,96,82,56,'流寇軍士兵',690,48,'g0004',4,'c02','n0405','a00064`a00065','a00192'),
 (193,97,84,56,'流寇軍精兵',690,48,'g0004',4,'c02','n0405','a00064`a00065','a00193'),
 (194,97,84,56,'流寇軍精兵',690,48,'g0004',4,'c02','n0405','a00064`a00065','a00194'),
 (195,97,84,56,'流寇軍精兵',690,48,'g0004',4,'c02','n0405','a00064`a00065','a00195'),
 (196,98,85,56,'流寇軍兵長',690,48,'g0004',4,'c02','n0402','a00064`a00065','a00196'),
 (197,98,85,56,'流寇軍兵長',690,48,'g0004',4,'c02','n0402','a00064`a00065','a00197'),
 (198,98,85,56,'流寇軍兵長',690,48,'g0004',4,'c02','n0402','a00064`a00065','a00198'),
 (199,99,86,56,'波才',720,50,'g0004',4,'c02','n0423','a00066`a00068','a00199'),
 (200,99,86,56,'波才',720,50,'g0004',4,'c02','n0423','a00066`a00068','a00200'),
 (201,99,86,56,'波才',720,50,'g0004',4,'c02','n0423','a00066`a00068','a00201'),
 (202,101,87,56,'趙弘',750,50,'g0004',4,'c02','n0424','a00066`a00067','a00202'),
 (203,101,87,56,'趙弘',750,50,'g0004',4,'c02','n0424','a00066`a00067','a00203'),
 (204,101,87,56,'趙弘',750,50,'g0004',4,'c02','n0424','a00066`a00067','a00204'),
 (205,102,88,57,'食人虎',750,51,'g0004',4,'c03','n0535','a00069`a00070','a00205'),
 (206,102,88,57,'食人虎',750,51,'g0004',4,'c03','n0535','a00069`a00070','a00206'),
 (207,102,88,57,'食人虎',750,51,'g0004',4,'c03','n0535','a00069`a00070','a00207'),
 (208,103,89,57,'食人餓虎',750,51,'g0004',4,'c03','n0532','a00069`a00070','a00208'),
 (209,103,89,57,'食人餓虎',750,51,'g0004',4,'c03','n0532','a00069`a00070','a00209'),
 (210,103,89,57,'食人餓虎',750,51,'g0004',4,'c03','n0532','a00069`a00070','a00210'),
 (211,105,90,57,'虎嘯惡漢',770,52,'g0004',4,'c03','n0344','a00071`a00072','a00211'),
 (212,105,90,57,'虎嘯惡漢',770,52,'g0004',4,'c03','n0344','a00071`a00072','a00212'),
 (213,105,90,57,'虎嘯惡漢',770,52,'g0004',4,'c03','n0344','a00071`a00072','a00213'),
 (214,106,92,57,'虎嘯惡盜',770,52,'g0004',4,'c03','n0344','a00071`a00072','a00214'),
 (215,106,92,57,'虎嘯惡盜',770,52,'g0004',4,'c03','n0344','a00071`a00072','a00215'),
 (216,106,92,57,'虎嘯惡盜',770,52,'g0004',4,'c03','n0344','a00071`a00072','a00216'),
 (217,107,93,57,'神秘道士',790,53,'g0004',4,'c03','n0215','a00073`a00074','a00217'),
 (218,107,93,57,'神秘道士',790,53,'g0004',4,'c03','n0215','a00073`a00074','a00218'),
 (219,107,93,57,'神秘道士',790,53,'g0004',4,'c03','n0215','a00073`a00074','a00219'),
 (220,108,94,57,'神秘道長',790,53,'g0004',4,'c03','n0165','a00073`a00074','a00220'),
 (221,108,94,57,'神秘道長',790,53,'g0004',4,'c03','n0165','a00073`a00074','a00221'),
 (222,108,94,57,'神秘道長',790,53,'g0004',4,'c03','n0165','a00073`a00074','a00222'),
 (223,110,95,57,'虎嘯殺手',800,54,'g0004',4,'c03','n0583','a00075`a00076','a00223'),
 (224,110,95,57,'虎嘯殺手',800,54,'g0004',4,'c03','n0583','a00075`a00076','a00224'),
 (225,110,95,57,'虎嘯殺手',800,54,'g0004',4,'c03','n0583','a00075`a00076','a00225'),
 (226,111,96,57,'虎嘯刺客',820,55,'g0004',4,'c03','n0583','a00075`a00076','a00226'),
 (227,111,96,57,'虎嘯刺客',820,55,'g0004',4,'c03','n0583','a00075`a00076','a00227'),
 (228,111,96,57,'虎嘯刺客',820,55,'g0004',4,'c03','n0583','a00075`a00076','a00228'),
 (229,112,97,57,'虎嘯幫主',850,55,'g0004',4,'c03','n0322','a00075`a00076','a00229'),
 (230,112,97,57,'虎嘯幫主',850,55,'g0004',4,'c03','n0322','a00075`a00076','a00230'),
 (231,112,97,57,'虎嘯幫主',850,55,'g0004',4,'c03','n0322','a00075`a00076','a00231'),
 (232,114,98,58,'銀線毒蛇',875,56,'g0004',4,'c04','n0550','a00078`a00079','a00232'),
 (233,114,98,58,'銀線毒蛇',875,56,'g0004',4,'c04','n0550','a00078`a00079','a00233'),
 (234,114,98,58,'銀線毒蛇',875,56,'g0004',4,'c04','n0550','a00078`a00079','a00234'),
 (235,115,100,58,'青花毒蛇',875,56,'g0004',4,'c04','n0553','a00078`a00079','a00235'),
 (236,115,100,58,'青花毒蛇',875,56,'g0004',4,'c04','n0553','a00078`a00079','a00236'),
 (237,115,100,58,'青花毒蛇',875,56,'g0004',4,'c04','n0553','a00078`a00079','a00237'),
 (238,116,101,58,'金線毒蛇',900,57,'g0004',4,'c04','n0555','a00078`a00079','a00238'),
 (239,116,101,58,'金線毒蛇',900,57,'g0004',4,'c04','n0555','a00078`a00079','a00239'),
 (240,116,101,58,'金線毒蛇',900,57,'g0004',4,'c04','n0555','a00078`a00079','a00240'),
 (241,117,102,58,'神秘道士',900,57,'g0004',4,'c04','n0215','a00080`a00081','a00241'),
 (242,117,102,58,'神秘道士',900,57,'g0004',4,'c04','n0215','a00080`a00081','a00242'),
 (243,117,102,58,'神秘道士',900,57,'g0004',4,'c04','n0215','a00080`a00081','a00243'),
 (244,119,103,58,'神密道長',900,57,'g0004',4,'c04','n0165','a00080`a00081','a00244'),
 (245,119,103,58,'神密道長',900,57,'g0004',4,'c04','n0165','a00080`a00081','a00245'),
 (246,119,103,58,'神密道長',900,57,'g0004',4,'c04','n0165','a00080`a00081','a00246'),
 (247,120,104,58,'黃巾訓練兵',930,58,'g0004',4,'c04','n0235','a00083`a00084','a00247'),
 (248,120,104,58,'黃巾訓練兵',930,58,'g0004',4,'c04','n0235','a00083`a00084','a00248'),
 (249,120,104,58,'黃巾訓練兵',930,58,'g0004',4,'c04','n0235','a00083`a00084','a00249'),
 (250,121,105,58,'黃巾訓練兵長',930,58,'g0004',4,'c04','n0235','a00083`a00084','a00250'),
 (251,121,105,58,'黃巾訓練兵長',930,58,'g0004',4,'c04','n0235','a00083`a00084','a00251'),
 (252,121,105,58,'黃巾訓練兵長',930,58,'g0004',4,'c04','n0235','a00083`a00084','a00252'),
 (253,123,106,58,'波才',960,59,'g0004',4,'c04','n0423','a00084`a00085','a00253'),
 (254,123,106,58,'波才',960,59,'g0004',4,'c04','n0423','a00084`a00085','a00254'),
 (255,123,106,58,'波才',960,59,'g0004',4,'c04','n0423','a00084`a00085','a00255'),
 (256,124,108,58,'趙弘',975,60,'g0004',4,'c04','n0424','a00084`a00085','a00256'),
 (257,124,108,58,'趙弘',975,60,'g0004',4,'c04','n0424','a00084`a00085','a00257'),
 (258,124,108,58,'趙弘',975,60,'g0004',4,'c04','n0424','a00084`a00085','a00258'),
 (259,125,109,58,'管亥',1000,60,'g0004',4,'c04','n0195','a00085`a00086','a00259'),
 (260,125,109,58,'管亥',1000,60,'g0004',4,'c04','n0195','a00085`a00086','a00260'),
 (261,125,109,58,'管亥',1000,60,'g0004',4,'c04','n0195','a00085`a00086','a00261'),
 (2,17,15,7,'吃人野熊',40,3,'g0003`f0004',100,'a01','n0542','a01002','a01002'),
 (3,46,28,11,'山賊雜兵',90,8,'i0001',100,'a02','n0330','a02001','a02001'),
 (5,58,33,18,'山賊頭目',120,10,'i0002',100,'a02','n0270','a02003','a02003'),
 (6,58,33,18,'董卓姪兒',120,12,'i0003',100,'a03','n0380','a03001','a03001'),
 (8,58,33,18,'涼州校尉',120,13,'g0003`f0004',100,'a03','n0012','a03003','a03003'),
 (9,58,33,18,'涼州精兵校尉',120,14,'g0003`f0004',100,'a03','n0050','a03004','a03004'),
 (11,58,33,18,'樊稠',120,15,'g0003`f0004',100,'a03','n0150','a03006','a03006'),
 (12,62,40,24,'金城雜兵',150,17,'g0003`f0004',100,'a04','n0312','a04001','a04001'),
 (14,70,48,33,'羌族先鋒',180,18,'g0003`f0004',100,'a04','n0313','a04003','a04003'),
 (15,70,48,33,'羌族護糧軍',180,18,'g0003`f0004',100,'a04','n0314','a04004','a04004'),
 (17,70,48,33,'金城精兵校尉',180,20,'g0003`f0004',100,'a04','n0462','a04006','a04006'),
 (18,70,48,33,'羌族之王',180,20,'g0003`f0004',100,'a04','n0300','a04007','a04007'),
 (19,68,47,30,'羌族信差',170,22,'i0005`i0006',100,'a05','n0411','a05001','a05001'),
 (20,75,51,38,'塞上惡虎',210,22,'g0003`f0004',100,'a05','n0535','a05002','a05002'),
 (21,85,60,42,'嗜血惡虎',240,23,'g0003`f0004',100,'a05','n0532','a05003','a05003'),
 (23,80,55,39,'羌族軍師',220,24,'g0003`f0004',100,'a05','n0392','a05005','a05005'),
 (24,80,55,39,'羌族大將',220,25,'g0003`f0004',100,'a05','n0420','a05006','a05006'),
 (26,70,48,33,'野外毒蛇',180,27,'i0010',100,'b01','n0552','b01001','b01001'),
 (27,70,48,33,'隴西竊賊',180,27,'i0011',100,'b01','n0292','b01002','b01002'),
 (29,70,48,33,'隴西響馬',180,29,'g0003`f0004',100,'b01','n0344','b01004','b01004'),
 (30,70,48,33,'可疑的隴西悍匪',180,30,'g0003`f0004',100,'b01','n0281','b01005','b01005'),
 (32,70,48,33,'黑風悍匪',180,32,'i0013',100,'b02','n0401','b02001','b02001'),
 (33,70,48,33,'黑風副洞主',180,33,'i0014',100,'b02','n0270','b02002','b02002'),
 (35,70,48,33,'馬扁子護衛',180,35,'g0003`f0004',100,'b02','n0200','b02004','b02004'),
 (36,70,48,33,'馬扁子',180,35,'g0003`f0004',100,'b02','n0210','b02005','b02005');
/*!40000 ALTER TABLE `a3k_monster` ENABLE KEYS */;


--
-- Definition of table `a3k_player`
--

DROP TABLE IF EXISTS `a3k_player`;
CREATE TABLE `a3k_player` (
  `p_id` int(10) unsigned NOT NULL auto_increment,
  `p_capt_attempts` int(3) NOT NULL default '0' COMMENT '認證嘗試數',
  `p_locktime` datetime default NULL COMMENT '鎖帳號時間',
  `p_name` varchar(20) NOT NULL default '--' COMMENT '玩家名稱',
  `p_at` int(10) unsigned NOT NULL default '0' COMMENT '物理攻擊力',
  `p_df` int(10) unsigned NOT NULL default '0' COMMENT '物理防禦力',
  `p_str` smallint(10) unsigned NOT NULL default '0' COMMENT '力量',
  `p_vit` smallint(10) unsigned NOT NULL default '0' COMMENT '體魄',
  `p_smart` smallint(10) unsigned NOT NULL default '0' COMMENT '智力',
  `p_agl` smallint(10) unsigned NOT NULL default '0' COMMENT '敏捷',
  `p_hp` int(10) unsigned NOT NULL default '0' COMMENT 'HP(體力)現在值',
  `p_hpmax` int(10) unsigned NOT NULL default '0' COMMENT 'HP(體力)最大值',
  `role_id` varchar(10) NOT NULL COMMENT '職業ID',
  `p_money` int(10) unsigned NOT NULL default '0' COMMENT '金錢現在值(最大值暫定為100萬)',
  `p_lv` int(10) unsigned NOT NULL default '0' COMMENT '等級',
  `p_exp` int(10) unsigned NOT NULL default '0' COMMENT '目前經驗值',
  `p_nextexp` int(10) unsigned NOT NULL default '0' COMMENT '升級所需經驗',
  `p_win` int(10) unsigned NOT NULL default '0' COMMENT '勝場數',
  `p_lost` int(10) unsigned NOT NULL default '0' COMMENT '敗場數',
  `p_sex` tinyint(1) unsigned NOT NULL default '0' COMMENT '玩家性別',
  `p_img` varchar(10) NOT NULL default '0' COMMENT '頭像ID',
  `p_act_time` datetime default NULL COMMENT '最後動作時間',
  `p_createdate` datetime default NULL COMMENT '帳號建立時間',
  `p_map` varchar(10) NOT NULL COMMENT '玩家在哪',
  `p_bank` int(10) unsigned NOT NULL default '0' COMMENT '銀行',
  `f_1001ya` varchar(100) default NULL COMMENT '1001ya key',
  `p_mn` int(10) unsigned NOT NULL default '0' COMMENT 'Mana(精神力)最大值',
  `p_mnmax` int(10) unsigned NOT NULL default '0' COMMENT 'Mana(精神力)最大值',
  `pf_id` int(10) unsigned default NULL COMMENT '帶的武將',
  `p_rankname` varchar(20) default NULL COMMENT '官職(稱號)',
  `p_bone` int(10) unsigned NOT NULL default '0' COMMENT '根骨',
  `p_fight_time` datetime default NULL COMMENT '最後戰鬥時間',
  `p_guild` int(10) unsigned NOT NULL default '0' COMMENT '工會',
  `p_team` int(10) unsigned NOT NULL default '0' COMMENT '組隊',
  `p_blacklist` text NOT NULL COMMENT '黑名單',
  `p_packsize_1` int(10) NOT NULL default '25' COMMENT '背包大小 for type 1;1',
  `p_packsize_2` int(11) NOT NULL default '25',
  `p_packsize_3` int(11) NOT NULL default '25',
  `p_packsize_4` int(11) NOT NULL default '25',
  `p_learn` int(10) unsigned NOT NULL default '0' COMMENT '學點',
  `p_r_money` int(10) unsigned NOT NULL default '0' COMMENT '商城幣',
  `promo_code` varchar(45) default NULL COMMENT '行銷碼',
  PRIMARY KEY  USING BTREE (`p_id`),
  KEY `p_name` (`p_name`)
) ENGINE=InnoDB AUTO_INCREMENT=39 DEFAULT CHARSET=utf8 ROW_FORMAT=DYNAMIC;

--
-- Dumping data for table `a3k_player`
--

/*!40000 ALTER TABLE `a3k_player` DISABLE KEYS */;
INSERT INTO `a3k_player` (`p_id`,`p_capt_attempts`,`p_locktime`,`p_name`,`p_at`,`p_df`,`p_str`,`p_vit`,`p_smart`,`p_agl`,`p_hp`,`p_hpmax`,`role_id`,`p_money`,`p_lv`,`p_exp`,`p_nextexp`,`p_win`,`p_lost`,`p_sex`,`p_img`,`p_act_time`,`p_createdate`,`p_map`,`p_bank`,`f_1001ya`,`p_mn`,`p_mnmax`,`pf_id`,`p_rankname`,`p_bone`,`p_fight_time`,`p_guild`,`p_team`,`p_blacklist`,`p_packsize_1`,`p_packsize_2`,`p_packsize_3`,`p_packsize_4`,`p_learn`,`p_r_money`,`promo_code`) VALUES 
 (1,0,NULL,'test1強襲',20,20,16,16,16,16,78,89,'a04',280,7,53,400,65,5,1,'p0050',NULL,NULL,'a01',0,'NTZkOWQ1NmUtYWY3NC00MDliLTkyOTAtMWE1ZjYxNWViMDQy',55,60,14,'墨門弟子',31,NULL,0,0,'',25,25,25,25,0,80,'21'),
 (2,0,NULL,'test2必殺',20,17,10,12,10,10,0,50,'b01',106,1,45,100,2,2,1,'p0050',NULL,NULL,'z01',0,'NTZkOWQ1NmUtYWY3NC00MDliLTkyOTAtMWE1ZjYxNWViMDQy',99,99,2,'墨門弟子',18,NULL,0,0,'',25,25,25,25,0,0,NULL),
 (3,0,NULL,'test3虛弱',20,40,16,13,14,15,62,65,'a01',157,3,153,200,20,0,1,'p0050',NULL,NULL,'z01',0,'NTZkOWQ1NmUtYWY3NC00MDliLTkyOTAtMWE1ZjYxNWViMDQy',44,44,27,'墨門弟子',14,NULL,0,0,'',25,25,25,25,0,0,'21'),
 (4,0,NULL,'test4施毒',20,22,10,10,10,10,49,50,'a07',106,1,52,100,2,0,1,'p0050',NULL,NULL,'a01',0,'NTZkOWQ1NmUtYWY3NC00MDliLTkyOTAtMWE1ZjYxNWViMDQy',99,99,4,'墨門弟子',11,NULL,0,0,'',25,25,25,25,0,0,NULL),
 (5,0,NULL,'test5閃避',20,20,10,10,10,10,55,55,'a08',124,2,81,150,8,2,1,'p0050',NULL,NULL,'z01',0,'NTZkOWQ1NmUtYWY3NC00MDliLTkyOTAtMWE1ZjYxNWViMDQy',33,33,37,'墨門弟子',15,NULL,0,0,'',25,25,25,25,0,0,NULL),
 (6,0,NULL,'test6連擊',20,20,10,10,10,10,41,55,'a09',115,2,2,150,5,4,1,'p0060',NULL,NULL,'a02',0,'NTZkOWQ1NmUtYWY3NC00MDliLTkyOTAtMWE1ZjYxNWViMDQy',19,33,6,'墨門弟子',10,NULL,0,0,'',25,25,25,25,0,0,NULL),
 (7,0,NULL,'test7武將',20,30,10,10,10,10,55,55,'a10',24,8,100,150,9,2,1,'p0010',NULL,NULL,'z01',0,'NTZkOWQ1NmUtYWY3NC00MDliLTkyOTAtMWE1ZjYxNWViMDQy',33,33,7,'墨門弟子',10,NULL,0,0,'',25,25,25,25,0,0,NULL),
 (8,0,NULL,'test8定身',20,20,10,10,10,10,50,50,'a11',106,8,45,100,2,8,1,'p0020',NULL,NULL,'z01',0,'NTZkOWQ1NmUtYWY3NC00MDliLTkyOTAtMWE1ZjYxNWViMDQy',99,99,8,'墨門弟子',10,NULL,0,0,'',25,25,25,25,0,0,NULL),
 (9,0,NULL,'test9反彈',20,20,10,10,10,10,54,55,'a12',124,2,67,150,8,1,1,'p0030',NULL,NULL,'z01',0,'NTZkOWQ1NmUtYWY3NC00MDliLTkyOTAtMWE1ZjYxNWViMDQy',18,33,5,'墨門弟子',10,NULL,0,0,'',25,25,25,25,0,0,NULL),
 (10,0,NULL,'test10減傷',20,20,10,10,10,10,47,50,'a13',103,1,19,100,1,0,1,'p0050',NULL,NULL,'a01',0,'NTZkOWQ1NmUtYWY3NC00MDliLTkyOTAtMWE1ZjYxNWViMDQy',30,99,17,'墨門弟子',10,NULL,0,0,'',25,25,25,25,0,0,NULL),
 (11,0,NULL,'test11回血',20,20,10,10,10,10,50,50,'a14',100,1,0,100,0,0,1,'p0050',NULL,NULL,'z01',0,'NTZkOWQ1NmUtYWY3NC00MDliLTkyOTAtMWE1ZjYxNWViMDQy',30,99,22,'墨門弟子',10,NULL,0,0,'',25,25,25,25,0,0,NULL),
 (12,0,NULL,'test12自爆',20,20,10,10,10,10,50,50,'a15',100,1,0,100,0,0,1,'p0050',NULL,NULL,'z01',0,'NTZkOWQ1NmUtYWY3NC00MDliLTkyOTAtMWE1ZjYxNWViMDQy',30,99,27,'墨門弟子',10,NULL,0,0,'',25,25,25,25,0,0,NULL),
 (13,0,NULL,'test13混亂',20,30,10,10,10,10,60,60,'a16',145,3,91,200,16,0,1,'p0050',NULL,NULL,'z01',0,'NTZkOWQ1NmUtYWY3NC00MDliLTkyOTAtMWE1ZjYxNWViMDQy',36,36,32,'墨門弟子',10,NULL,0,0,'',25,25,25,25,0,0,NULL),
 (14,0,NULL,'test14吸血',20,20,10,10,10,10,50,50,'a17',100,1,0,100,0,0,1,'p0050',NULL,NULL,'z01',0,'NTZkOWQ1NmUtYWY3NC00MDliLTkyOTAtMWE1ZjYxNWViMDQy',30,99,37,'墨門弟子',10,NULL,0,0,'',25,25,25,25,0,0,NULL),
 (15,0,NULL,'test15反間',20,20,10,10,10,10,55,55,'a18',115,2,2,150,5,5,1,'p0050',NULL,NULL,'a02',0,'NTZkOWQ1NmUtYWY3NC00MDliLTkyOTAtMWE1ZjYxNWViMDQy',33,33,15,'墨門弟子',10,NULL,0,0,'',25,25,25,25,0,0,NULL),
 (16,0,NULL,'21312',20,20,10,10,10,10,50,50,'b01',100,1,0,100,0,0,1,'p0010','2009-04-13 15:21:59','2009-04-13 15:03:42','c04',0,'YTFjMDZjY2QtZjQwNi00OTAwLThmNTMtZTU0NmNjYmMxMTVl',30,30,NULL,'墨門弟子',10,NULL,0,0,'',25,25,25,25,0,0,'12312'),
 (17,0,NULL,'sadpy',23,19,14,11,12,14,0,62,'a01',500,3,150,200,0,1,0,'p0060','2009-04-14 17:02:59','2009-04-14 12:34:01','z03',0,'OWZmNTkxOWQtYThmYi00M2RjLTk0N2UtZDg0YmUwOTkxOWJk',30,40,NULL,'墨門弟子',12,NULL,0,0,'',25,25,25,25,0,450,'21'),
 (18,0,NULL,'南瓜',20,20,10,10,10,10,50,50,'b01',100,1,0,100,0,0,1,'p0010','2009-04-23 16:23:45','2009-04-23 16:23:41','z01',0,' ',30,30,NULL,'墨門弟子',10,NULL,0,0,'',25,25,25,25,0,0,''),
 (19,0,NULL,'角',20,20,10,10,10,10,50,50,'c01',100,1,0,100,0,0,1,'p0020','2009-04-23 16:26:34','2009-04-23 16:26:31','z01',0,' ',30,30,NULL,'墨門弟子',10,NULL,0,0,'',25,25,25,25,0,0,''),
 (20,0,NULL,'sadpyy',20,20,10,10,10,10,50,50,'a01',100,1,0,100,0,0,1,'p0030','2009-04-23 16:30:44','2009-04-23 16:30:37','z01',0,'YjAxNjM3YTctMGRhMi00NWZmLTg2MDktMjM2NjRkM2I5M2E0',30,30,NULL,'墨門弟子',10,NULL,0,0,'',25,25,25,25,0,0,''),
 (21,0,NULL,'21323',35,28,18,14,15,16,40,73,'a01',145,4,95,250,38,8,0,'p0060','2009-07-07 16:38:22','2009-05-21 09:47:57','z01',31,'MzIzMTE2MjEtN2Q4NS00MTZiLTkzZmYtOWZjNjZhZWQ4M2Iw',37,49,NULL,'墨門弟子',15,NULL,0,0,'',25,25,25,25,0,15,''),
 (22,0,NULL,'2312312',20,20,10,10,10,10,50,50,'a01',100,1,0,100,0,0,1,'p0030','2009-06-24 18:27:13','2009-06-24 18:27:11','z01',0,'YjQyMTliMTYtMDNjOC00NDVjLWFhMTctYzMzYTJhYjU4ZTJk',30,30,NULL,'墨門弟子',10,NULL,0,0,'',25,25,25,25,0,0,'21'),
 (23,0,NULL,'eee111',20,20,10,10,10,10,50,50,'b01',100,1,0,100,0,0,1,'p0010','2009-07-08 14:49:40','2009-07-08 14:49:40','z01',0,'NGRlYTIwMGEtZjFjMC00MGExLWJkN2QtYWRjZjVlYWE4MzE4',30,30,NULL,'墨門弟子',10,NULL,0,0,'',25,25,25,25,0,0,'21'),
 (24,0,NULL,'alan',104,62,58,35,27,30,53,134,'a01',438,13,31,100,45,0,1,'p0030','2009-07-08 16:03:45','2009-07-08 16:03:45','a02',0,'YmE0ZDk5NjctMzc3ZC00YjY5LTlhYTQtMmJlYzgzMTMyODk3',66,100,NULL,'墨門習者',26,NULL,0,0,'',25,25,25,25,0,0,''),
 (25,0,NULL,'李絕',27,32,13,18,13,12,65,65,'a01',139,3,28,200,10,0,1,'p0030','2009-07-08 17:13:31','2009-07-08 17:13:31','a01',0,'NWY1ZjMwZjYtNTc0Yi00ZmVjLWJjNjUtMWU1MDhhN2VhYmZk',42,42,NULL,'墨門弟子',13,NULL,0,0,'',25,25,25,25,0,0,''),
 (26,0,NULL,'臥雲',30,24,20,16,13,12,45,64,'b01',115,2,85,150,5,0,1,'p0010','2009-07-08 17:25:21','2009-07-08 17:25:21','a01',0,'NDk1NTM1MzYtZDllNy00MDg1LWE2YzctOTM2OWI5OWYzZjgy',30,39,NULL,'墨門弟子',11,NULL,0,0,'',25,25,25,25,0,0,'25'),
 (27,0,NULL,'子路',24,22,12,11,10,12,50,58,'c01',100,2,0,150,0,0,1,'p0020','2009-07-08 18:33:23','2009-07-08 18:33:23','z01',0,'YjE4NWRmZTYtNjc5YS00MmFiLWI1YWUtN2Q4MTUzZmExNjQw',30,33,NULL,'墨門弟子',12,NULL,0,0,'',25,25,25,25,0,0,'25'),
 (28,0,NULL,'子貢',20,20,10,10,10,10,50,50,'c01',100,1,0,100,0,0,1,'p0020','2009-07-08 18:53:40','2009-07-08 18:53:40','z01',0,'YzY4MWNjZTktNWM3Ni00OGJjLWI0M2UtNjVkNDA5ZTUwYjg4',30,30,NULL,'墨門弟子',10,NULL,0,0,'',25,25,25,25,0,0,'25'),
 (29,0,NULL,'aa1012',39,23,22,12,12,13,50,58,'a01',100,2,0,150,0,0,1,'p0030','2009-07-08 19:46:20','2009-07-08 19:46:20','z01',0,'NTIwMmFjYmEtMWM1My00YWU5LThmNDUtOTcxZTJlNTc4ZGNm',30,37,NULL,'墨門弟子',12,NULL,0,0,'',25,25,25,25,0,0,'6254'),
 (30,0,NULL,'aa2002',39,23,22,12,11,13,50,58,'a01',100,2,0,150,0,0,1,'p0030','2009-07-08 20:14:12','2009-07-08 20:14:12','z01',0,'ZWNjZjVjNDMtZDFmZS00MGE2LWFhM2YtYzVlOThhMzVjODUy',30,35,NULL,'墨門弟子',12,NULL,0,0,'',25,25,25,25,0,0,'6254'),
 (31,0,NULL,'aa2003',20,20,10,10,10,10,50,50,'a01',100,1,0,100,0,0,1,'p0030','2009-07-08 20:23:43','2009-07-08 20:23:43','z01',0,'Y2YxZDIwNmUtOWUzYS00MWIyLTg2ZjMtMTY2MWQzMGQ2ZjY0',30,30,NULL,'墨門弟子',10,NULL,0,0,'',25,25,25,25,0,0,'30'),
 (32,0,NULL,'aa3012',20,20,10,10,10,10,50,50,'a01',100,1,0,100,0,0,1,'p0030','2009-07-09 10:37:57','2009-07-09 10:37:57','z01',0,'MzUzNmI5M2ItMWQxNC00ZGQ3LTk2YzEtY2ExZTcxOTljZWIw',30,30,NULL,'墨門弟子',10,NULL,0,0,'',25,25,25,25,0,0,'null'),
 (33,0,NULL,'aa3013',20,20,10,10,10,10,5,50,'a01',103,1,19,100,1,0,1,'p0030','2009-07-09 10:46:31','2009-07-09 10:46:31','a01',0,'MjczMDY3MWQtZGVmOC00NTFiLThjODktNjE5NGE0ZWEzNTZk',30,30,NULL,'墨門弟子',10,NULL,0,0,'',25,25,25,25,0,0,'32'),
 (34,0,NULL,'aa4001',31,25,21,17,11,12,66,66,'a01',100,2,0,150,0,0,1,'p0030','2009-07-09 11:06:59','2009-07-09 11:06:59','z01',0,'MzgwY2Y4NTItYmFjNi00Yzk5LTliM2ItNjRiNWRhOTY2NGQ4',35,35,NULL,'墨門弟子',12,NULL,0,0,'',25,25,25,25,0,0,''),
 (35,0,NULL,'aa4002',20,20,10,10,10,10,50,50,'b01',100,1,0,100,0,0,1,'p0010','2009-07-09 11:12:24','2009-07-09 11:12:24','z01',0,'Mjg5MTMzMTYtNjg4Ni00OWM2LWJlYmQtNTdkZTZlNGQxMGM1',30,30,NULL,'墨門弟子',10,NULL,0,0,'',25,25,25,25,0,0,'34'),
 (36,0,NULL,'aa4003',20,20,10,10,10,10,50,50,'a01',100,1,0,100,0,0,1,'p0030','2009-07-09 11:31:49','2009-07-09 11:31:49','z01',0,'MjkwNTgyMzItNWM1MS00OGFkLTg5ZWUtNjJmYzhiYTk3ODhl',30,30,NULL,'墨門弟子',10,NULL,0,0,'',25,25,25,25,0,0,'6262'),
 (37,0,NULL,'素續緣',117,132,65,92,30,36,150,150,'a01',10352,15,79,100,95,0,1,'p0030','2009-07-09 11:58:12','2009-07-09 11:58:12','z01',0,'YTVjOWE2MmEtYTYyNC00NGJiLTk2M2EtZDlkN2Y2YzE2NDI3',112,112,50,'墨門習者',30,NULL,0,0,'',25,25,25,25,0,0,'6262'),
 (38,0,NULL,'瑜',36,30,25,19,11,14,50,74,'c01',100,3,0,100,0,0,1,'p0020','2009-07-13 19:06:04','2009-07-13 19:06:04','x01',0,'NjVjZjZjYTktYjA2Yi00YzUzLTkyMTgtMWY5M2M4MDM4OGI0',30,38,NULL,'墨門弟子',13,NULL,0,0,'',25,25,25,25,0,0,'');
/*!40000 ALTER TABLE `a3k_player` ENABLE KEYS */;


--
-- Definition of table `a3k_player_item`
--

DROP TABLE IF EXISTS `a3k_player_item`;
CREATE TABLE `a3k_player_item` (
  `id` int(10) unsigned NOT NULL auto_increment,
  `p_id` int(10) unsigned NOT NULL,
  `item_id` varchar(10) NOT NULL,
  `item_eq` tinyint(1) default '0',
  `item_stacknum` smallint(5) unsigned default '1',
  PRIMARY KEY  (`id`)
) ENGINE=InnoDB AUTO_INCREMENT=132 DEFAULT CHARSET=utf8;

--
-- Dumping data for table `a3k_player_item`
--

/*!40000 ALTER TABLE `a3k_player_item` DISABLE KEYS */;
INSERT INTO `a3k_player_item` (`id`,`p_id`,`item_id`,`item_eq`,`item_stacknum`) VALUES 
 (1,16,'i0001',0,18),
 (2,16,'i0002',0,20),
 (4,3,'i0001',0,1),
 (5,3,'i0002',0,1),
 (7,16,'g0002',0,3),
 (8,17,'g0001',0,1),
 (9,16,'i0005',0,5),
 (10,16,'i0007',0,3),
 (11,16,'i0004',0,5),
 (12,17,'i0002',0,17),
 (13,17,'i0001',0,15),
 (14,16,'i0003',0,4),
 (15,16,'i0006',0,4),
 (16,7,'i0001',0,1),
 (17,7,'i0002',0,1),
 (18,10,'i0001',0,1),
 (19,17,'a0003',0,1),
 (21,17,'j0002',0,2),
 (22,19,'i0002',0,1),
 (23,17,'i0003',0,18),
 (24,17,'i0004',0,18),
 (25,17,'i0005',0,25),
 (26,17,'i0006',0,19),
 (27,17,'i0007',0,17),
 (28,17,'j0001',0,1),
 (29,17,'e0002',1,1),
 (30,17,'i0010',0,12),
 (31,17,'i0008',0,9),
 (32,17,'i0012',0,5),
 (33,17,'i0011',0,5),
 (34,17,'e0004',0,1),
 (35,17,'g0003',0,1),
 (36,26,'i0002',0,9),
 (37,26,'i0001',0,13),
 (38,26,'g0001',0,1),
 (39,26,'i0007',0,2),
 (40,26,'i0004',0,2),
 (41,26,'i0006',0,1),
 (42,27,'i0002',0,14),
 (43,26,'i0008',0,1),
 (44,29,'i0003',0,2),
 (45,29,'i0004',0,1),
 (46,27,'i0001',0,17),
 (47,27,'i0007',0,13),
 (48,27,'i0004',0,13),
 (49,27,'a0001',1,1),
 (50,27,'b0001',1,1),
 (51,27,'c0001',1,1),
 (52,27,'f0001',0,1),
 (53,27,'i0006',0,8),
 (54,27,'i0003',0,17),
 (55,27,'i0005',0,11),
 (56,17,'f0001',0,1),
 (57,17,'a0001',1,1),
 (58,17,'f0001',0,1),
 (59,17,'a0001',0,1),
 (60,24,'f0001',0,1),
 (61,24,'a0001',1,1),
 (62,25,'f0001',1,1),
 (63,25,'a0001',1,1),
 (64,25,'f0001',0,1),
 (65,25,'a0001',0,1),
 (66,25,'i0001',0,6),
 (67,26,'f0001',1,1),
 (68,26,'a0001',1,1),
 (69,27,'f0001',1,1),
 (70,27,'a0001',0,1),
 (71,29,'f0001',1,1),
 (72,29,'a0001',0,1),
 (73,30,'f0001',1,1),
 (74,30,'a0001',0,1),
 (75,33,'i0001',0,1),
 (76,34,'f0001',1,1),
 (77,34,'a0001',1,1),
 (80,37,'i0001',0,18),
 (81,37,'a0004',1,1),
 (82,37,'c0004',1,1),
 (83,37,'b0004',1,1),
 (85,37,'e0004',1,1),
 (86,37,'f0004',1,1),
 (87,37,'d0004',1,1),
 (88,37,'i0002',0,5),
 (89,37,'i0003',0,1),
 (90,37,'i0004',0,1),
 (91,37,'i0005',0,1),
 (92,37,'i0007',0,4),
 (93,37,'i0010',0,7),
 (94,37,'g0003',0,4),
 (95,37,'f0002',0,1),
 (96,21,'g0003',0,2),
 (97,21,'f0004',0,1),
 (98,24,'g0003',0,25),
 (99,24,'f0004',0,1),
 (100,24,'f0004',0,1),
 (101,24,'f0004',0,1),
 (102,24,'f0004',1,1),
 (103,24,'f0004',0,1),
 (104,37,'f0004',0,1),
 (105,24,'f0004',0,1),
 (106,24,'f0004',0,1),
 (107,24,'f0004',0,1),
 (108,24,'f0004',0,1),
 (109,24,'f0004',0,1),
 (110,24,'f0004',0,1),
 (111,24,'f0004',0,1),
 (112,24,'f0004',0,1),
 (113,24,'f0004',0,1),
 (114,21,'f0004',0,1),
 (115,24,'f0004',0,1),
 (116,24,'f0004',0,1),
 (117,24,'f0004',0,1),
 (118,24,'f0004',0,1),
 (119,24,'f0004',0,1),
 (120,24,'f0004',0,1),
 (121,24,'f0004',0,1),
 (122,24,'f0004',0,1),
 (123,24,'f0004',0,1),
 (125,24,'i0001',0,2),
 (126,38,'f0001',0,1),
 (127,38,'a0001',1,1),
 (128,38,'f0001',1,1),
 (129,38,'f0001',0,1),
 (130,37,'f0004',0,1),
 (131,37,'f0004',0,1);
/*!40000 ALTER TABLE `a3k_player_item` ENABLE KEYS */;


--
-- Definition of table `a3k_player_store`
--

DROP TABLE IF EXISTS `a3k_player_store`;
CREATE TABLE `a3k_player_store` (
  `id` int(10) unsigned NOT NULL auto_increment,
  `p_id` int(10) unsigned NOT NULL,
  `item_id` varchar(50) NOT NULL,
  `usetime` datetime default NULL COMMENT '領取時間',
  PRIMARY KEY  (`id`)
) ENGINE=InnoDB AUTO_INCREMENT=22 DEFAULT CHARSET=utf8;

--
-- Dumping data for table `a3k_player_store`
--

/*!40000 ALTER TABLE `a3k_player_store` DISABLE KEYS */;
INSERT INTO `a3k_player_store` (`id`,`p_id`,`item_id`,`usetime`) VALUES 
 (1,17,'j0001','2009-03-19 18:09:45'),
 (2,17,'j0002','2009-03-19 18:09:51'),
 (3,17,'j0002','2009-03-20 19:23:10'),
 (4,17,'j0001','2009-03-23 10:49:27'),
 (17,21,'a0001',NULL),
 (18,21,'a0001',NULL),
 (19,21,'a0001',NULL),
 (20,21,'a0001',NULL),
 (21,21,'a0001',NULL);
/*!40000 ALTER TABLE `a3k_player_store` ENABLE KEYS */;


--
-- Definition of table `a3k_quest`
--

DROP TABLE IF EXISTS `a3k_quest`;
CREATE TABLE `a3k_quest` (
  `q_id` varchar(10) NOT NULL,
  `q_title` varchar(50) default NULL,
  `q_requester` varchar(20) default NULL,
  `q_img` varchar(10) default NULL,
  `q_map_name` varchar(20) default NULL,
  `q_map_id` varchar(10) default NULL,
  `q_show_lv` int(10) default NULL,
  `q_description` varchar(255) default NULL,
  `q_dest_map` varchar(50) default NULL,
  `q_expireTime` int(10) default NULL,
  `q_type` tinyint(3) NOT NULL default '1',
  `q_instant` tinyint(3) NOT NULL default '1',
  PRIMARY KEY  (`q_id`)
) ENGINE=MyISAM DEFAULT CHARSET=utf8;

--
-- Dumping data for table `a3k_quest`
--

/*!40000 ALTER TABLE `a3k_quest` DISABLE KEYS */;
INSERT INTO `a3k_quest` (`q_id`,`q_title`,`q_requester`,`q_img`,`q_map_name`,`q_map_id`,`q_show_lv`,`q_description`,`q_dest_map`,`q_expireTime`,`q_type`,`q_instant`) VALUES 
 ('q00001','墨門成年禮(一)','墨雲師父','n0062','墨家邨','z01',1,'墨門的弟子們啊！你們在我門下修練也有一段時間了，為師該傳授的也都教了。自古有云：「師父領進門，修行在個人」。現在你們也該畢業，闖蕩江湖了！而為師對你們的要求不多，只希望身為我墨門弟子，別忘我墨門宗旨「兼愛、非攻」希望你們能僅記在心！所有墨門弟子都要經過成年禮的試煉，飛熊山麓便是為師給你們的第一場試驗。飛熊山麓，山峻險惡，猛獸聚集，山麓居民總活在驚恐中。所以好徒兒們，快動身前往飛熊山麓去吧！活用所學，挑戰自我極限，發揚墨家，兼愛天下！','飛熊山麓',NULL,1,0),
 ('q00002','墨門成年禮(二)','墨雲師父','n0062','墨家邨','z01',1,'好徒兒們，冬季過後，夏季來臨，為師要提醒你們，飛熊山麓的野熊也飢腸轆轆地等著大快朵頤鮮美的人肉，以傳聞有些居民們遇害了！因此為師要正在飛熊山麓修練的你們，保護當地居民，免受野熊的傷害，當然這些野熊也不是省油的燈，為師希望你們別太大意而成了野熊肚中物！','飛熊山麓',NULL,1,0),
 ('q00003','墨門成年禮(三)','墨雲師父','n0062','墨家邨','z01',1,'徒兒們，為師接到了當地居民的感謝之函，知道你們順利的擊退了山麓中的野熊。但天災除去，人禍卻不斷，當地居民在信中祈求為師能幫他們懲奸除惡。飛熊山道一直以來都是居民來往城鎮的重要道路，如今卻被一票山賊蠻橫無理的佔據著，這群地痞流氓，目無章法，強奪這些孱弱村民的錢財，墨門不能坐視不管，讓這群惡霸，如此囂張跋扈，所以為師要你們快去教訓那群目無王法的山賊們，替村民們出口氣！','飛熊山麓',NULL,1,0),
 ('q00004','墨門的歷史','墨雲師父','n0062','墨家邨','z01',7,'各位大俠們，歡迎加入','飛熊山道',NULL,1,0),
 ('q00005','墨門的組織','墨雲師父','n0062','墨家邨','z01',8,'墨門組織分3層（習者、墨者、鉅子）','飛熊山道',NULL,1,1),
 ('q00006','成為墨門習者(ㄧ)','墨雲師父','n0062','墨家邨','z01',9,'這批被降伏的山賊們，貪生怕死，為了苟活不惜出賣自己的組織，其中最重要的莫過於，他們似乎正跟某個秘密組織策畫叛亂活動，不過這些低下的山賊知道的只是些皮毛，所以徒兒你們謹記，在與山賊作戰時，不忘多打探些線索出來。','飛熊山道',NULL,1,0),
 ('q00007','成為墨門習者(二)','墨雲師父','n0062','墨家邨','z01',10,'到手的山賊密件中，得知山賊精兵潛伏於飛熊山道中。','飛熊山道',NULL,1,0),
 ('q00008','成為墨門習者(三)','墨雲師父','n0062','墨家邨','z01',10,'擊敗山賊頭目，即可成為墨門的習者。','飛熊山道',NULL,1,0),
 ('q00009','為民除霸','王大娘','n0510','墨家邨','z01',11,'董卓姪兒董簧搶了我的女兒後，前往金城，老婦拜託墨門的壯士們快快前往金城沙漠看能不能追到那惡賊，以及收集到他擄人的證據！','金城沙漠',NULL,1,0),
 ('q00010','為民除霸','王大娘','n0510','墨家邨','z01',11,'（王大娘哭哭啼啼跑到墨家邨）墨家師父求求您，幫幫老婦我，我那不滿１８歲的小女兒，被那董卓的姪兒董簧給搶走了！（董簧，董卓的姪兒，平日仗勢欺人，最愛強奪良家婦女，納為己下，當地居民私下給了他一個綽號叫「梁州一霸」）董簧他們把我小女兒帶往金城去。我到衙門報官去，哪知官府害怕那董家勢力，看我老婦，沒錢沒勢，一腳竟把我踹了出來，我實在求助無門啊！墨雲師父，您可一定要幫幫老婦我找回女兒！墨雲師父聽到老婦之請後，要小師叔快馬傳令墨門弟子說：墨門弟子，為師我，要你們幫王大娘懲罰那個仗勢欺人的惡混。','金城沙漠',NULL,1,0),
 ('q00011','惡霸復仇','王大娘','n0510','墨家邨','z01',13,'墨門弟子接到墨雲師父的指令，邊趨馬追趕那涼州一霸。在遇到那董簧後，不客氣的給了他一頓教訓！董卓姪兒再被墨門子弟教訓後，覺得面子都丟光了，咽不下這口氣！這會兒找人要來報仇。董簧便帶了人，衝到了王大娘家，嗆聲說：誰敢與我董簧為敵，我將要他小命！王大娘兩腿發軟哭哭啼啼的求饒說：大人您就高抬貴手，放過老婦一家吧！董簧要王大娘帶話給墨雲師父，要墨雲師父好看！王大娘驚恐著來到了墨家邨，將董簧的話帶到，並拜託墨雲師父能派墨家子弟，保護一家老小，深怕董簧再來','金城沙漠',NULL,1,0),
 ('q00012','董氏家將(ㄧ)','李儒','n0130','墨家邨','z01',13,'墨門弟子再跟董簧一番廝鬥後，董簧依舊不敵墨門弟子高強武力的攻擊。這時，董卓女婿李儒，得知董簧又再外惹事生非，自知董卓才剛高官上任，不宜有任何出錯來敗壞董卓名聲。因此也帶了一群家將來到王大娘家。李儒一到，看到了董簧被打趴在地，吐著血，叫囂著說：「放開老子，老子要你好看！」李儒見狀便說：「各位墨門大俠停停手，有話好說。我是董卓的謀士，李儒，先放了我家少爺先！」李儒看了看情形，雖知是自家人無禮蠻橫，但自古無「胳臂向外灣」','金城沙漠',NULL,1,0),
 ('q00013','董氏家將(二)','李儒','n0130','墨家邨','z01',13,'看著王大娘老淚縱橫的模樣，令人於心不忍。仔細想想這王大娘說的有理，天下之大，墨門子弟怎能放任天下是不管，每天在這當王大娘一家人的保鑣呢！這時董卓女婿李儒邊等回應，邊來回踱步盤算著，要怎能打贏這場戰。在得知墨門弟子答應了李儒的要求，李儒便轉身跟董家的武將們說：「待會張濟你先上，探探對方的底子到哪？戰輸無仿，我要的是知道對手能力到哪？還有，可別戰死丟了我董家臉，保著一條命，留得青山在，不再沒材燒！」這時張濟拿起武器，喝的一聲，帶著精兵們，上前準備迎戰。','金城沙漠',NULL,1,0),
 ('q00014','董氏家將(三)','李儒','n0130','墨家邨','z01',13,'刀光劍影，吭吭鏘鏘，血滴四處飛濺，李儒見墨門弟子各各武藝精進，張濟似乎抵擋不了！這時張濟一個不注意，被墨門弟子用刀一揮，胸前濺出了一到鮮紅的液體，張濟一摸，自知自己的武藝強不過別人，想起了李儒剛剛說的：「留得青山在，不怕沒材燒，要是為了董簧那個狗娘養的，丟了一條命！也太不值了！」於是張濟大聲說：「我認輸了！」看在李儒眼裡，知道墨門子弟果然有兩下子，於是改派樊稠等家將出來迎戰！不料樊稠也不敵墨門弟子，而戰唄！李儒便說：「墨門大俠，李儒知道各位大俠舞藝驚人，李儒我深感佩服，我會遵守我的約','金城沙漠',NULL,1,0),
 ('q00015','涼州刺史(ㄧ)','中郎將牛輔','n0423','墨家邨','z01',13,'李儒回到董家，便將剛剛王大娘一事告知中郎','墨家邨',NULL,1,1),
 ('q00016','涼州刺史(二)','董卓','n0251','墨家邨','z01',15,'墨門弟子在接受牛輔的意見後，與董卓相識。當然董卓也想知道墨門弟子的實力究竟有多少。而最近涼州不斷的受到金城羌族的騷擾，董卓心想藉此機會試試墨門弟子的身手。因此說：傳聞墨門弟子各各都是武藝高強的正義之士，平日行俠仗義，為民除害。最近金城羌族不安分的想造反，因此不斷艘涼州一帶的居民，而我董卓正頭痛著該怎麼給這羌族一點顏色，讓他們知道誰才是老大，別想在我董卓頭上撒野。因此我希望你能為了涼州百姓挺身而出，也為我董卓了一個心頭之患，但為了確保你有能力與羌族交戰，我得先測試一下你的身','金城沙漠',NULL,1,0),
 ('q00017','金城羌族','董卓','n0251','墨家邨','z01',15,'在董卓確認墨門子弟的能力後說：「你不愧是墨門的勇猛武將，董卓我佩服佩服，希望你快快加入與金城羌族的戰鬥之中，讓金城羌族別再騷擾我涼州人民了！','金城沙漠',NULL,1,0),
 ('q00018','羌族的陰謀','董卓','n0251','墨家邨','z01',17,'在與羌族士兵對戰的過程中，董卓意外發現羌族除了騷擾涼州人民外，似乎還別有企圖，但目前所知還是有限。此時的董卓嗅出一股不尋常之味，知道這羌族不是省油之燈，一定有什麼秘密，如果不快點查清楚，將來一定會是個禍患。而董卓也觀察到墨門弟子除了武藝高強外，智慧高超，深謀遠慮，正好可以借墨門弟子之力來查探羌族的詭計。因此董卓說：「壯士們，這羌族狡猾多端，不應該只是騷擾人民便可感到滿足，想必還另有企圖在，所以我希望你在潛入金城羌營後，能伺機打探出羌族的軍事情報，讓我們可以大破敵軍。」','金城沙漠',NULL,1,0),
 ('q00019','金城羌王來襲','董卓','n0251','墨家邨','z01',20,'在得到軍事情報後，發現原來這金城羌王早已秘密來到羌營，準備親自指揮作戰。這羌王看來為了造反，早就有所準備了。情報中得知，羌王一直暗中要人訓練一組先鋒人馬，作為特攻隊，要殺的我董卓個措手不及，好家在有先得到這軍事情報，為了不讓那老羌賊計謀得逞，先鋒部隊的剷除，必是第一要件！因此董卓招集墨門弟子說：「據情報得知，羌族老王訓練了一組先鋒隊，這羌族先鋒一定要先攻破，不然一定會威脅我軍，因此我希望你能先幫我方擊破對要害，讓我涼州兵能直搗黃龍，逮那羌族老王！」','金城羌營',NULL,1,0),
 ('q00020','包圍羌王','董卓','n0251','墨家邨','z01',21,'「民以食為天，沒有餓肚子的戰士能上場殺敵」董卓再得知羌營的糧倉儲存著滿滿的糧食後，心想那羌族已作好長期與我們抗戰的決心了！要是能佔領了那羌族的糧倉，讓他們沒飯可吃，我看再強的將士，只能有當軟腳蝦份了！董卓立刻叫來墨門弟子說：「為了不要消耗我方太多戰力，我想那糧倉的佔領將會成了戰局成敗的關鍵！因此一定要拿下糧倉！」','金城羌營',NULL,1,0),
 ('q00021','攻打金城','董卓','n0251','墨家邨','z01',21,'墨門弟子到了金城，佔領了糧倉後，便與涼州軍官一同打算一舉消滅羌王。而董卓在得知羌王身邊有金城精兵校尉帶著一群金城精兵保護著。董卓便跟墨門弟子說：「要拿下哪老羌王，似乎沒這麼容易，那老賊身旁有一堆精兵保護著，想逮到羌王，得先破了那些精兵，所以要辛苦你了，不過這些精兵不會是你的對手的！」','金城羌營',NULL,1,0),
 ('q00022','追擊羌王','董卓','n0251','墨家邨','z01',21,'在墨門弟子大破精兵，快能逮到羌王中，董卓不慎讓羌王逃脫。董卓為了自己的大意，氣的三天三夜無法入眠。心想為了杜絕後患，這羌王一定要捉到手，若不斬草除根，哪知一道春風吹來，會不會害了自己！所以董卓只好再拜託墨門弟子說：「我董卓一生謹慎，哪知不小心大意，讓羌王給逃了！我董卓深知，若不抓了那羌王，我涼州人民便不能安穩入睡。所以我要你快與涼州官兵一同追擊，帶人在羌族根據地進行地毯式搜索，掃蕩所有的餘賊。」','羌族根據地',NULL,1,0),
 ('q00023','羌王求援','董卓','n0251','墨家邨','z01',21,'在墨門弟子與涼州軍官掃蕩羌族根據地的時候，羌王得知董卓不會放過自己，而自己目前軍力所剩無幾，若不快點向外尋求救援，將難逃一死！董卓獲得線報，羌王正秘密向外求。董卓怎能讓羌王得逞，因此告訴墨門弟子說：「你一定要斬斷這些外援管道，免得羌王壯大勢力後，那要剷除就難了！」','羌族根據地',NULL,1,0),
 ('q00024','羌族猛虎','董卓','n0251','墨家邨','z01',23,'涼州軍官在搜索的過程中，不知羌族中還飼養著一群猛虎，這猛虎牙齒鋒利，速度敏捷，力大無窮，一般人根本無法抵當猛虎的攻擊，而這群涼州軍官遇到猛虎，死傷慘重！董卓得知後便昭傳墨門弟子說：「猛虎讓我討伐部隊死傷慘重，因此還是需要借用你的天生神力，殺了這群猛虎，為我軍開路。」','羌族根據地',NULL,1,0),
 ('q00025','羌營配置圖','董卓','n0251','墨家邨','z01',23,'為了不讓這狡猾的羌王再次逃脫，因此得先取得羌兵統領身上，具有詳細記載羌營部屬的配置圖，請你快去想辦法從駐守金城羌營的羌兵統令身上取來。','羌族根據地',NULL,1,0),
 ('q00026','羌王的末日(一)','董卓','n0251','墨家邨','z01',23,'天時地利人和，萬事俱全，但還一有個隱憂，即是羌王身邊的軍師與羌族大將，要是能除掉它們，那羌王就成了我的囊中之物，就算天兵神將也救不了他了！','羌族根據地',NULL,1,0),
 ('q00027','羌王的末日(二)','董卓','n0251','墨家邨','z01',25,'決戰的時間到了，先取得羌王首級者必有大賞','羌族根據地',NULL,1,0),
 ('q00028','前往雍州','董卓','n0251','墨家邨','z01',25,'解決了羌王，你想前往雍州遊歷，董卓知道無法留住你，除了給你承諾不變得友誼之外，同時告訴你最近有人以宗教名義作亂的奇怪風聲，要你到了雍州時小心行事','羌族根據地',NULL,1,1),
 ('q00029','救人如救火','吳老伯','n0341','雍州府(城鎮)','z02',26,'平時作小生意養家的吳老伯最疼愛的小兒子突然得了癲癇之症，他堅信只有大賢良師的徒弟馬扁子才能醫治，馬扁子跟他說需要隴西郡城周圍的劇毒蛇膽才能救治，希望你幫忙尋找','隴西郡城',NULL,1,0),
 ('q00030','生病的刺史','邢師爺','n0242','雍州府(城鎮)','z02',26,'雍州刺史的師爺與涼州李傕素有交情，最近雍州牧突然病倒導致雍州政府無人，周圍悍匪肆虐，希望你看在李傕的面子上協助他去清除這些悍匪','隴西郡城',NULL,1,0),
 ('q00031','協助邢師爺','邢師爺','n0242','雍州府(城鎮)','z02',27,'刺史的病情越來越嚴重，邢師爺相信只有悲天憫人的太平道願意解救，在籌備太平道需要的金錢這段時間，希望你能協助守護隴西郡城','隴西郡城',NULL,1,0),
 ('q00032','白衣大耳少年','白衣大耳少年','h0010','雍州府(城鎮)','z02',27,'這個神秘的大耳少年告訴你刺史的病與最近雍州百姓遇到的事情似乎並不單純，希望你與他一同探查隴西郡城周圍看看是否有些蛛絲馬跡','隴西郡城',NULL,1,0),
 ('q00033','是病還是毒','白衣大耳少年','h0010','雍州府(城鎮)','z02',28,'大耳少年告訴你，他在幽州時聽說過太平人公令似乎是太平道中人才有的，看來刺史的或許是太平道的人下毒所致，看來需要抓到更多可疑的人物的首腦才能瞭解內情','隴西郡城',NULL,1,0),
 ('q00034','可疑的太平道','白衣大耳少年','h0010','雍州府(城鎮)','z02',28,'抓到的首腦沒有明確證據跟太平道有關，大耳少年希望你能去悍匪的巢穴黑風洞看看是否有太平道的蹤跡','隴西郡城',NULL,1,0),
 ('q00035','用毒高手','白衣大耳少年','h0010','雍州府(城鎮)','z02',30,'在探查黑風洞的時候大耳少年不小心中了毒，幸好用了他師父給的黃連解毒丸壓制住毒性，不過中毒的症狀跟雍州刺史相同，想要完全根治需要先查出誰是這個用毒的高手','黑風洞',NULL,1,0),
 ('q00036','強奪解毒藥','白衣大耳少年','h0010','雍州府(城鎮)','z02',30,'經由黑風洞的俘虜中得知土匪黑風洞主與太平道合作希望在雍州培植太平道的影響力，而黑風副洞主正是用毒的高手，所以首先要從他手中奪取解毒藥','黑風洞',NULL,1,0),
 ('q00037','清除黑風惡勢力','白衣大耳少年','h0010','雍州府(城鎮)','z02',32,'解了毒之後該為雍州百姓清除黑風惡勢力了','黑風洞',NULL,1,0),
 ('q00038','俘虜馬扁子','白衣大耳少年','h0010','雍州府(城鎮)','z02',33,'清除黑風惡勢力之後，為了瞭解太平道全盤計畫要俘虜馬扁子','黑風洞',NULL,1,0),
 ('q00039','安定市集','白衣大耳少年','h0010','雍州府(城鎮)','z02',36,'俘虜馬扁子之後他願意歸順你，並說出太平道在雍州不只有他，在安定市集中還有一個胡悠率領一些從雍州吸收的死忠教眾，如果想殲滅他們你必須先到安定市集探查','安定市集',NULL,1,0);
/*!40000 ALTER TABLE `a3k_quest` ENABLE KEYS */;


--
-- Definition of table `a3k_quest_award`
--

DROP TABLE IF EXISTS `a3k_quest_award`;
CREATE TABLE `a3k_quest_award` (
  `q_id` varchar(10) character set utf8 NOT NULL default '',
  `award_exp` int(10) default '0',
  `award_money` int(10) default '0',
  `award_item` text collate utf8_unicode_ci,
  `award_point` int(10) default '0',
  `award_fellow` varchar(40) collate utf8_unicode_ci default NULL,
  `award_description` varchar(100) collate utf8_unicode_ci default NULL,
  PRIMARY KEY  (`q_id`)
) ENGINE=MyISAM DEFAULT CHARSET=utf8 COLLATE=utf8_unicode_ci;

--
-- Dumping data for table `a3k_quest_award`
--

/*!40000 ALTER TABLE `a3k_quest_award` DISABLE KEYS */;
INSERT INTO `a3k_quest_award` (`q_id`,`award_exp`,`award_money`,`award_item`,`award_point`,`award_fellow`,`award_description`) VALUES 
 ('q00001',80,30,'',0,'',''),
 ('q00002',80,50,'',0,'',''),
 ('q00003',80,50,'',0,'',''),
 ('q00004',80,50,'',0,'',''),
 ('q00005',80,50,'',0,'',''),
 ('q00006',80,50,'',0,'',''),
 ('q00007',80,50,'',0,'',''),
 ('q00008',80,50,'',0,'',''),
 ('q00009',80,50,'',0,'',''),
 ('q00010',80,50,'',0,'',''),
 ('q00011',80,50,'',0,'',''),
 ('q00012',80,50,'',0,'',''),
 ('q00013',80,50,'',0,'',''),
 ('q00014',80,50,'',0,'',''),
 ('q00015',80,50,'',0,'',''),
 ('q00016',80,50,'',0,'',''),
 ('q00017',80,50,'',0,'',''),
 ('q00018',80,50,'',0,'',''),
 ('q00019',80,50,'',0,'',''),
 ('q00020',80,50,'',0,'',''),
 ('q00021',80,50,'',0,'',''),
 ('q00022',80,50,'',0,'',''),
 ('q00023',80,50,'',0,'',''),
 ('q00024',80,50,'',0,'',''),
 ('q00025',80,50,'',0,'',''),
 ('q00026',80,50,'',0,'',''),
 ('q00027',80,50,'',0,'',''),
 ('q00028',80,50,'',0,'',''),
 ('q00029',80,50,'',0,'',''),
 ('q00030',80,50,'',0,'',''),
 ('q00031',80,50,'',0,'',''),
 ('q00032',80,50,'',0,'',''),
 ('q00033',80,50,'',0,'',''),
 ('q00034',80,50,'',0,'',''),
 ('q00035',80,50,'',0,'',''),
 ('q00036',80,50,'',0,'',''),
 ('q00037',80,50,'',0,'',''),
 ('q00038',80,50,'',0,'',''),
 ('q00039',80,50,'',0,'','');
/*!40000 ALTER TABLE `a3k_quest_award` ENABLE KEYS */;


--
-- Definition of table `a3k_quest_limit`
--

DROP TABLE IF EXISTS `a3k_quest_limit`;
CREATE TABLE `a3k_quest_limit` (
  `q_id` varchar(10) character set utf8 NOT NULL default '',
  `limit_lv` int(10) default NULL,
  `limit_job` varchar(10) collate utf8_unicode_ci default NULL,
  `limit_item` text collate utf8_unicode_ci,
  `limit_quest` varchar(50) collate utf8_unicode_ci default NULL,
  `limit_description` varchar(100) collate utf8_unicode_ci default NULL,
  PRIMARY KEY  (`q_id`)
) ENGINE=MyISAM DEFAULT CHARSET=utf8 COLLATE=utf8_unicode_ci;

--
-- Dumping data for table `a3k_quest_limit`
--

/*!40000 ALTER TABLE `a3k_quest_limit` DISABLE KEYS */;
INSERT INTO `a3k_quest_limit` (`q_id`,`limit_lv`,`limit_job`,`limit_item`,`limit_quest`,`limit_description`) VALUES 
 ('q00001',1,'','','',''),
 ('q00002',1,'','','q00001',''),
 ('q00003',1,'','','q00002',''),
 ('q00004',7,'','','q00003',''),
 ('q00005',8,'','','q00004',''),
 ('q00006',9,'','','q00005',''),
 ('q00007',10,'','','q00006',''),
 ('q00008',10,'','','q00007',''),
 ('q00009',11,'','','',''),
 ('q00010',11,'','','q00009',''),
 ('q00011',13,'','','q00010',''),
 ('q00012',13,'','','q00011',''),
 ('q00013',13,'','','q00012',''),
 ('q00014',13,'','','q00013',''),
 ('q00015',13,'','','q00014',''),
 ('q00016',15,'','','q00015',''),
 ('q00017',15,'','','q00016',''),
 ('q00018',17,'','','q00017',''),
 ('q00019',20,'','','q00018',''),
 ('q00020',21,'','','q00019',''),
 ('q00021',21,'','','q00020',''),
 ('q00022',21,'','','q00021',''),
 ('q00023',21,'','','q00022',''),
 ('q00024',23,'','','q00023',''),
 ('q00025',23,'','','q00024',''),
 ('q00026',23,'','','q00025',''),
 ('q00027',25,'','','q00026',''),
 ('q00028',25,'','','q00027',''),
 ('q00029',26,'','','',''),
 ('q00030',26,'','','q00029',''),
 ('q00031',27,'','','q00030',''),
 ('q00032',27,'','','q00031',''),
 ('q00033',28,'','','q00032',''),
 ('q00034',28,'','','q00033',''),
 ('q00035',30,'','','q00034',''),
 ('q00036',30,'','','q00035',''),
 ('q00037',32,'','','q00036',''),
 ('q00038',33,'','','q00037',''),
 ('q00039',36,'','','q00038','');
/*!40000 ALTER TABLE `a3k_quest_limit` ENABLE KEYS */;


--
-- Definition of table `a3k_quest_need`
--

DROP TABLE IF EXISTS `a3k_quest_need`;
CREATE TABLE `a3k_quest_need` (
  `q_id` varchar(10) character set utf8 NOT NULL default '',
  `need_monster` varchar(60) collate utf8_unicode_ci default NULL,
  `need_fight` varchar(40) collate utf8_unicode_ci default NULL,
  `need_item` text collate utf8_unicode_ci,
  `need_description` varchar(100) collate utf8_unicode_ci default NULL,
  PRIMARY KEY  (`q_id`)
) ENGINE=MyISAM DEFAULT CHARSET=utf8 COLLATE=utf8_unicode_ci;

--
-- Dumping data for table `a3k_quest_need`
--

/*!40000 ALTER TABLE `a3k_quest_need` DISABLE KEYS */;
INSERT INTO `a3k_quest_need` (`q_id`,`need_monster`,`need_fight`,`need_item`,`need_description`) VALUES 
 ('q00001','','a01:10','',''),
 ('q00002','a01002:3','','',''),
 ('q00003','a02001:5','','',''),
 ('q00004','','a02:10','',''),
 ('q00005','','','',''),
 ('q00006','','','i0001:5',''),
 ('q00007','a02002:5','','',''),
 ('q00008','','','i0002:1',''),
 ('q00009','','','i0003:3',''),
 ('q00010','a03001:5','','',''),
 ('q00011','a03002:5,a03003:3','','',''),
 ('q00012','a03003:5,a03004:3','','',''),
 ('q00013','a03004:5,a03005:1','','',''),
 ('q00014','a03004:8,a03006:1','','',''),
 ('q00015','','','',''),
 ('q00016','a04001:5','','',''),
 ('q00017','a04001:10','','',''),
 ('q00018','','','i0004:5',''),
 ('q00019','a04003:8','','',''),
 ('q00020','a04004:10','','',''),
 ('q00021','a04007:1,a04006:3,a04005:10','','',''),
 ('q00022','','a05:10','',''),
 ('q00023','','','i0005:1,i0006:1',''),
 ('q00024','a05002:5,a05003:5','','',''),
 ('q00025','','','i0007:1,i0008:1',''),
 ('q00026','a05005:5,a05006:5','','',''),
 ('q00027','','','i0009:1',''),
 ('q00028','','','',''),
 ('q00029','','','i0010:5',''),
 ('q00030','b01003:8,b01004:5','','',''),
 ('q00031','','b01:20','',''),
 ('q00032','','','i0012:5',''),
 ('q00033','b01006:10','','',''),
 ('q00034','','','i0013:10',''),
 ('q00035','','b02:20','',''),
 ('q00036','','','i0014:3',''),
 ('q00037','b02002:3,b02003:1','','',''),
 ('q00038','b02004:10,b02005:1','','',''),
 ('q00039','','b03:20','','');
/*!40000 ALTER TABLE `a3k_quest_need` ENABLE KEYS */;


--
-- Definition of table `a3k_quest_status`
--

DROP TABLE IF EXISTS `a3k_quest_status`;
CREATE TABLE `a3k_quest_status` (
  `p_id` varchar(10) NOT NULL default '',
  `q_id` varchar(10) NOT NULL default '',
  `q_status` tinyint(3) default NULL,
  `q_data` text,
  `q_end_time` int(10) default NULL,
  PRIMARY KEY  (`p_id`,`q_id`)
) ENGINE=InnoDB DEFAULT CHARSET=utf8;

--
-- Dumping data for table `a3k_quest_status`
--

/*!40000 ALTER TABLE `a3k_quest_status` DISABLE KEYS */;
INSERT INTO `a3k_quest_status` (`p_id`,`q_id`,`q_status`,`q_data`,`q_end_time`) VALUES 
 ('24','q00001',-1,'',0),
 ('24','q00002',-1,'',0),
 ('24','q00003',-1,'',0),
 ('24','q00004',-1,'',0),
 ('24','q00005',-1,'',0),
 ('24','q00006',2,'a:2:{s:7:\"monster\";N;s:5:\"fight\";N;}',0);
/*!40000 ALTER TABLE `a3k_quest_status` ENABLE KEYS */;


--
-- Definition of table `a3k_quest_time`
--

DROP TABLE IF EXISTS `a3k_quest_time`;
CREATE TABLE `a3k_quest_time` (
  `q_id` varchar(10) default NULL,
  `q_week` tinyint(3) unsigned default NULL,
  `q_hour` mediumint(8) unsigned default NULL
) ENGINE=InnoDB DEFAULT CHARSET=utf8;

--
-- Dumping data for table `a3k_quest_time`
--

/*!40000 ALTER TABLE `a3k_quest_time` DISABLE KEYS */;
/*!40000 ALTER TABLE `a3k_quest_time` ENABLE KEYS */;


--
-- Definition of table `a3k_referral_award`
--

DROP TABLE IF EXISTS `a3k_referral_award`;
CREATE TABLE `a3k_referral_award` (
  `id` int(11) NOT NULL auto_increment,
  `next_ref` int(3) NOT NULL,
  `award_itemid` varchar(10) NOT NULL,
  `award_item_no` int(2) NOT NULL default '1',
  PRIMARY KEY  (`id`)
) ENGINE=MyISAM AUTO_INCREMENT=11 DEFAULT CHARSET=utf8;

--
-- Dumping data for table `a3k_referral_award`
--

/*!40000 ALTER TABLE `a3k_referral_award` DISABLE KEYS */;
INSERT INTO `a3k_referral_award` (`id`,`next_ref`,`award_itemid`,`award_item_no`) VALUES 
 (1,1,'a0001',1),
 (2,3,'a0001',1),
 (3,5,'a0001',1),
 (4,10,'a0001',1),
 (5,15,'a0001',1),
 (6,20,'a0001',1),
 (7,30,'a0001',1),
 (8,35,'a0001',1),
 (9,45,'a0001',1),
 (10,50,'a0001',1);
/*!40000 ALTER TABLE `a3k_referral_award` ENABLE KEYS */;


--
-- Definition of table `a3k_role`
--

DROP TABLE IF EXISTS `a3k_role`;
CREATE TABLE `a3k_role` (
  `id` int(10) unsigned NOT NULL auto_increment,
  `role_id` varchar(45) NOT NULL COMMENT '職業id',
  `role_name` varchar(45) NOT NULL COMMENT '職業名稱',
  `role_skillpointmax` int(10) unsigned NOT NULL default '0' COMMENT '熟練度場次',
  `role_parentid` varchar(45) NOT NULL default '' COMMENT '父系職業ID',
  `role_lmt_lvl` int(10) unsigned NOT NULL default '0' COMMENT '等級限制',
  `role_lmt_str` int(10) unsigned NOT NULL default '0' COMMENT '力量限制',
  `role_lmt_bone` int(11) NOT NULL default '0' COMMENT '根骨限制',
  `role_lmt_agl` int(10) unsigned NOT NULL default '0' COMMENT '速度限制',
  `role_lmt_smart` int(10) unsigned NOT NULL default '0' COMMENT '智力限制',
  `role_lmt_vit` int(10) unsigned NOT NULL default '0' COMMENT '體魄限制',
  `role_skill_str_init` int(10) unsigned NOT NULL default '0' COMMENT 'skill提昇力量init',
  `role_skill_str_max` int(10) unsigned NOT NULL default '0' COMMENT 'skill提昇力量max',
  `role_skill_bone_init` int(10) unsigned NOT NULL default '0' COMMENT 'skill提昇根骨init',
  `role_skill_bone_max` int(10) unsigned NOT NULL default '0' COMMENT 'skill提昇根骨max',
  `role_skill_agl_init` int(10) unsigned NOT NULL default '0' COMMENT 'skill提昇速度init',
  `role_skill_agl_max` int(10) unsigned NOT NULL default '0' COMMENT 'skill提昇速度max',
  `role_skill_smart_init` int(10) unsigned NOT NULL default '0' COMMENT 'skill提昇智力init',
  `role_skill_smart_max` int(10) unsigned NOT NULL default '0' COMMENT 'skill提昇智力max',
  `role_skill_vit_init` int(10) unsigned NOT NULL default '0' COMMENT 'skill提昇體魄init',
  `role_skill_vit_max` int(10) unsigned NOT NULL default '0' COMMENT 'skill提昇體魄max',
  `role_skillname` varchar(45) default NULL COMMENT 'skill 名稱',
  `role_descri` varchar(500) default NULL COMMENT '職業的介紹',
  `role_theegg` varchar(45) NOT NULL default '0' COMMENT '職業的頭',
  `role_parentname` varchar(45) default NULL COMMENT '父系職業name',
  `role_img` varchar(45) NOT NULL default '' COMMENT '職業圖',
  `role_skillimg` varchar(45) NOT NULL default '' COMMENT '技能圖',
  `skill_default_turns` tinyint(10) unsigned NOT NULL default '1' COMMENT '技能初始影響回合數',
  `skill_active` tinyint(1) unsigned NOT NULL default '0' COMMENT '技能 0主動1被動',
  `skill_type` varchar(45) NOT NULL default '-' COMMENT '技能種類',
  `skill_animat_img` varchar(10) default NULL COMMENT '技能 特效 圖',
  `skill_descr` varchar(45) NOT NULL default '--' COMMENT '技能說明',
  PRIMARY KEY  USING BTREE (`id`)
) ENGINE=MyISAM AUTO_INCREMENT=25 DEFAULT CHARSET=utf8 ROW_FORMAT=DYNAMIC COMMENT='職業表; InnoDB free: 11264 kB';

--
-- Dumping data for table `a3k_role`
--

/*!40000 ALTER TABLE `a3k_role` DISABLE KEYS */;
INSERT INTO `a3k_role` (`id`,`role_id`,`role_name`,`role_skillpointmax`,`role_parentid`,`role_lmt_lvl`,`role_lmt_str`,`role_lmt_bone`,`role_lmt_agl`,`role_lmt_smart`,`role_lmt_vit`,`role_skill_str_init`,`role_skill_str_max`,`role_skill_bone_init`,`role_skill_bone_max`,`role_skill_agl_init`,`role_skill_agl_max`,`role_skill_smart_init`,`role_skill_smart_max`,`role_skill_vit_init`,`role_skill_vit_max`,`role_skillname`,`role_descri`,`role_theegg`,`role_parentname`,`role_img`,`role_skillimg`,`skill_default_turns`,`skill_active`,`skill_type`,`skill_animat_img`,`skill_descr`) VALUES 
 (1,'a01','俠客',50,'0',1,1,1,1,1,1,1,3,1,2,1,3,1,2,1,2,'強襲','學習武功為主的墨門弟子，升級時最多可提昇屬性（力量：3、智力：2、敏捷：3、體質：2、根骨：2）','a01','無','m001','n007',1,0,'addattack','e03','所有墨家子弟學會的最初技能，能發揮自身潛能造成較大的傷害'),
 (2,'b01','秀才',50,'0',1,1,1,1,1,1,0,1,0,2,1,2,1,3,0,2,'強襲','學習計謀為主的墨門弟子，升級時最多可提昇屬性（力量：1、智力：3、敏捷：2、體質：2、根骨：2）','b01','無','m004','n001',1,0,'addattack','e03','所有墨家子弟學會的最初技能，能發揮自身潛能造成較大的傷害'),
 (3,'c01','校衛',50,'0',1,1,1,1,1,1,1,3,1,2,0,2,0,1,1,3,'強襲','學習兵法為主的墨門弟子，升級時最多可提昇屬性（力量：3、智力：1、敏捷：2、體質：3、根骨：2）','c01','無','m007','n004',1,0,'addattack','e03','所有墨家子弟學會的最初技能，能發揮自身潛能造成較大的傷害'),
 (4,'a02','劍客',100,'a01',10,20,12,12,12,12,2,3,1,2,1,3,1,2,1,2,'施毒','專研劍法的俠客，升級時最多可提昇屬性（力量：3、智力：2、敏捷：3、體質：2、根骨：2）','a01','俠客','m002','n008',3,0,'poison','e03','讓敵人中毒'),
 (5,'a03','道士',100,'a01',10,20,12,12,12,12,1,2,1,3,0,2,1,2,1,3,'回血','學習計謀的俠客，升級時最多可提昇屬性（力量：2、智力：2、敏捷：2、體質：2、根骨：2）','a01','俠客','m003','n009',1,0,'getHP','e03','使敵方混亂'),
 (6,'b02','參謀',100,'b01',10,12,12,12,20,12,0,2,1,2,1,2,1,2,1,2,'定身','專研謀略的秀才，升級時最多可提昇屬性（力量：1、智力：3、敏捷：2、體質：2、根骨：2）','b01','秀才','m005','n002',1,1,'dodge','e03','使敵人無法動彈'),
 (7,'b03','辯士',100,'b01',10,12,12,12,20,12,0,1,1,2,0,2,1,3,0,2,'混亂','學習兵法的秀才，升級時最多可提昇屬性（力量：3、智力：2、敏捷：2、體質：2、根骨：2）','b01','秀才','m006','n003',1,0,'toConfuse','e03','俠客學會的技能'),
 (8,'c02','先鋒營',100,'c01',10,12,12,12,12,20,2,3,1,2,1,2,1,2,1,2,'必殺','專研兵法的校尉，升級時最多可提昇屬性（力量：3、智力：2、敏捷：2、體質：2、根骨：2）','c01','校衛','m008','n005',1,1,'tokill','e03','增加必殺攻擊機率'),
 (9,'c03','鐵甲營',100,'c01',10,12,12,12,12,20,1,3,1,3,1,2,1,2,1,3,'反彈','學習武功的校尉，升級時最多可提昇屬性（力量：3、智力：2、敏捷：2、體質：3、根骨：3）','c01','校衛','m009','n006',5,0,'tobunceback','e03','反彈部份傷害'),
 (10,'a04','強襲',3,'a01',1,1,1,1,1,1,1,1,1,1,1,1,1,1,1,1,'強襲','強襲','a01','俠客','icon_2','n007',1,0,'addattack','e03','強襲'),
 (11,'a05','必殺',1,'a01',1,1,1,1,0,0,0,0,0,0,0,0,0,0,0,0,'必殺','必殺','a01','俠客','icon_2','n001',1,1,'tokill','e03','必殺'),
 (12,'a06','虛弱',1,'a01',1,1,1,1,0,0,0,0,0,0,0,0,0,0,0,0,'虛弱','虛弱','a01','俠客','icon_2','n004',5,0,'weaken','e03','虛弱'),
 (13,'a07','施毒',1,'a01',1,1,1,1,0,0,0,0,0,0,0,0,0,0,0,0,'施毒','施毒','a01','俠客','icon_2','n008',3,0,'poison','e03','施毒'),
 (14,'a08','閃避',1,'a01',1,1,1,1,0,0,0,0,0,0,0,0,0,0,0,0,'閃避','閃避','a01','俠客','icon_2','n009',1,1,'dodge','e03','閃避'),
 (15,'a09','連擊',1,'a01',1,1,1,1,0,0,0,0,0,0,0,0,0,0,0,0,'連擊','連擊','a01','俠客','icon_2','n002',5,0,'multiply','e03','連擊'),
 (16,'a10','武將',1,'a01',1,1,1,1,0,0,0,0,0,0,0,0,0,0,0,0,'武將','武將','a01','俠客','icon_2','n003',3,0,'fellowgain','e03','武將'),
 (17,'a11','定身',1,'a01',1,1,1,1,0,0,0,0,0,0,0,0,0,0,0,0,'定身','定身','a01','俠客','icon_2','n005',1,0,'tofreeze','e03','定身'),
 (18,'a12','反彈',1,'a01',1,1,1,1,0,0,0,0,0,0,0,0,0,0,0,0,'反彈','反彈','a01','俠客','icon_2','n006',5,0,'tobunceback','e03','反彈'),
 (19,'a13','減傷',1,'a01',1,1,1,1,0,0,0,0,0,0,0,0,0,0,0,0,'減傷','減傷','a01','俠客','icon_2','n007',3,0,'deductDamage','e03','減傷'),
 (20,'a14','回血',1,'a01',1,1,1,1,0,0,0,0,0,0,0,0,0,0,0,0,'回血','回血','a01','俠客','icon_2','n001',1,0,'getHP','e03','回血'),
 (21,'a15','自爆',1,'a01',1,1,1,1,0,0,0,0,0,0,0,0,0,0,0,0,'自爆','自爆','a01','俠客','icon_2','n004',1,0,'toNuc','e03','自爆'),
 (22,'a16','混亂',1,'a01',1,1,1,1,0,0,0,0,0,0,0,0,0,0,0,0,'混亂','混亂','a01','俠客','icon_2','n008',1,0,'toConfuse','e03','混亂'),
 (23,'a17','吸血',1,'a01',1,1,1,1,0,0,0,0,0,0,0,0,0,0,0,0,'吸血','吸血','a01','俠客','icon_2','n009',1,0,'toGetHP','e03','吸血'),
 (24,'a18','反間',1,'a01',1,1,1,1,0,0,0,0,0,0,0,0,0,0,0,0,'反間','反間','a01','俠客','icon_2','n002',1,0,'toSuic','e03','反間');
/*!40000 ALTER TABLE `a3k_role` ENABLE KEYS */;


--
-- Definition of table `a3k_shortcut`
--

DROP TABLE IF EXISTS `a3k_shortcut`;
CREATE TABLE `a3k_shortcut` (
  `sc_id` int(10) unsigned NOT NULL auto_increment COMMENT 'id',
  `p_id` varchar(45) NOT NULL COMMENT '玩家id',
  `sc_pos` varchar(45) NOT NULL default '0' COMMENT '快捷位子',
  `sc_type` varchar(45) NOT NULL default '0' COMMENT '快捷內容種類(1:skill / 2:item)',
  `sc_status` tinyint(1) NOT NULL default '0' COMMENT '快捷''狀態(1:clicked/0:not)',
  `sc_type_id` varchar(45) NOT NULL COMMENT '快捷內容id',
  `sc_img` varchar(45) NOT NULL default ' ' COMMENT '快捷圖',
  `sc_usename` varchar(45) NOT NULL default ' ' COMMENT '快捷內容名子',
  PRIMARY KEY  (`sc_id`)
) ENGINE=InnoDB AUTO_INCREMENT=16 DEFAULT CHARSET=utf8 COMMENT='玩家快捷';

--
-- Dumping data for table `a3k_shortcut`
--

/*!40000 ALTER TABLE `a3k_shortcut` DISABLE KEYS */;
INSERT INTO `a3k_shortcut` (`sc_id`,`p_id`,`sc_pos`,`sc_type`,`sc_status`,`sc_type_id`,`sc_img`,`sc_usename`) VALUES 
 (3,'3','1','1',0,'41','f0001','deductDamage'),
 (4,'17','5','1',0,'56','icon_2','強襲'),
 (5,'7','1','1',0,'7','icon_2','武將'),
 (6,'23','1','1',1,'62','icon_2','強襲'),
 (7,'19','1','1',0,'58','icon_2','強襲'),
 (8,'26','1','1',0,'66','icon_2','強襲'),
 (9,'29','1','1',1,'69','icon_2','強襲'),
 (10,'27','1','1',0,'67','icon_2','強襲'),
 (11,'17','6','1',0,'65','n006','反彈'),
 (12,'16','1','1',0,'71','icon_2','強襲'),
 (13,'17','1','2',0,'j0002','l001','商城大還散'),
 (14,'25','1','1',0,'64','icon_2','強襲'),
 (15,'37','1','1',0,'103','icon_2','強襲');
/*!40000 ALTER TABLE `a3k_shortcut` ENABLE KEYS */;


--
-- Definition of table `a3k_skill`
--

DROP TABLE IF EXISTS `a3k_skill`;
CREATE TABLE `a3k_skill` (
  `skill_id` int(10) unsigned NOT NULL auto_increment,
  `role_id` varchar(45) NOT NULL default '0' COMMENT '職業id',
  `user_id` int(10) unsigned NOT NULL default '0' COMMENT '玩家id',
  `skill_point` int(10) unsigned NOT NULL default '0' COMMENT '技能/職業熟練度',
  `role_skillpointmax` int(10) unsigned NOT NULL default '0' COMMENT '熟練度需要場次',
  `skill_lvl` int(45) NOT NULL default '1' COMMENT '技能等級',
  `skill_type` varchar(45) NOT NULL default '0' COMMENT '技能種類',
  `skill_effect_turns` int(10) unsigned NOT NULL default '0' COMMENT '技能影響次數',
  `skill_active` tinyint(3) unsigned NOT NULL default '0' COMMENT '0主動1被動',
  `skill_default_turns` tinyint(10) unsigned NOT NULL default '1' COMMENT '技能初始影響回合數',
  `skill_img` varchar(10) default NULL COMMENT '技能 icon 圖',
  `skill_animat_img` varchar(10) default NULL COMMENT '技能 特效 圖',
  `skill_name` varchar(45) default NULL COMMENT '技能名子',
  `skill_descr` varchar(45) NOT NULL default '--' COMMENT '技能說明',
  PRIMARY KEY  (`skill_id`)
) ENGINE=InnoDB AUTO_INCREMENT=105 DEFAULT CHARSET=utf8 ROW_FORMAT=DYNAMIC COMMENT='玩家技能';

--
-- Dumping data for table `a3k_skill`
--

/*!40000 ALTER TABLE `a3k_skill` DISABLE KEYS */;
INSERT INTO `a3k_skill` (`skill_id`,`role_id`,`user_id`,`skill_point`,`role_skillpointmax`,`skill_lvl`,`skill_type`,`skill_effect_turns`,`skill_active`,`skill_default_turns`,`skill_img`,`skill_animat_img`,`skill_name`,`skill_descr`) VALUES 
 (2,'a05',2,0,0,1,'tokill',0,1,1,'icon_2','e03','必殺','--'),
 (3,'a06',3,1,0,1,'weaken',0,0,5,'icon_2','e03','虛弱','--'),
 (4,'a07',4,1,1,1,'poison',0,0,3,'icon_2','e03','施毒','--'),
 (5,'a08',5,1,0,1,'dodge',1,0,1,'icon_2','e03','閃避','--'),
 (6,'a09',6,0,0,1,'multiply',5,0,5,'icon_2','e03','連擊','--'),
 (7,'a10',7,0,0,1,'fellowgain',0,0,3,'icon_2','e03','武將','--'),
 (8,'a11',8,0,0,1,'tofreeze',0,0,1,'icon_2','e03','定身','--'),
 (9,'a12',9,0,0,1,'tobunceback',0,0,5,'icon_2','e03','反彈','--'),
 (10,'a13',10,0,0,1,'deductDamage',0,0,3,'icon_2','e03','減傷','--'),
 (11,'a14',11,0,0,1,'getHP',0,0,1,'icon_2','e03','回血','--'),
 (12,'a15',12,0,0,1,'toNuc',0,0,1,'icon_2','e03','自爆','--'),
 (13,'a17',13,0,0,1,'toConfuse',1,0,1,'icon_2','e03','混亂','--'),
 (14,'a18',14,0,0,1,'toGetHP',0,0,1,'icon_2','e03','吸血','--'),
 (15,'a19',15,0,0,1,'toSuic',0,0,1,'icon_2','e03','反間','--'),
 (17,'a04',1,3,3,1,'addattack',0,0,1,'icon_2','e03','強襲','--'),
 (18,'a16',13,1,1,1,'toConfuse',0,0,1,'icon_2','e03','混亂','--'),
 (39,'b01',2,1,50,1,'addattack',0,0,1,'f0001','e03','秀才的技能',''),
 (41,'a02',3,0,0,1,'deductDamage',0,0,3,'f0001','e03','deductDamage','俠客學會的技能'),
 (42,'a01',3,0,0,1,'addattack',0,0,1,'icon_2','e03','俠客的技能','俠客學會的技能'),
 (43,'a18',15,1,1,1,'toSuic',1,0,1,'icon_2','e03','反間',''),
 (54,'a01',16,3,3,1,'addattack',0,0,1,'icon_2','e03','強襲','所有墨家子弟學會的最初技能，能發揮自身潛能造成較大的傷害'),
 (55,'a02',16,91,100,1,'deductDamage',0,0,3,'f0001','e03','deductDamage','俠客學會的技能'),
 (56,'c01',17,3,3,1,'addattack',0,0,1,'icon_2','e03','強襲','所有墨家子弟學會的最初技能，能發揮自身潛能造成較大的傷害'),
 (57,'a01',18,3,3,1,'addattack',0,0,1,'icon_2','e03','強襲','所有墨家子弟學會的最初技能，能發揮自身潛能造成較大的傷害'),
 (58,'a01',19,3,3,1,'addattack',0,0,1,'icon_2','e03','強襲','所有墨家子弟學會的最初技能，能發揮自身潛能造成較大的傷害'),
 (59,'a01',20,3,3,1,'addattack',0,0,1,'icon_2','e03','強襲','所有墨家子弟學會的最初技能，能發揮自身潛能造成較大的傷害'),
 (60,'a01',21,3,3,1,'addattack',0,0,1,'icon_2','e03','強襲','所有墨家子弟學會的最初技能，能發揮自身潛能造成較大的傷害'),
 (61,'a01',22,3,3,1,'addattack',0,0,1,'icon_2','e03','強襲','所有墨家子弟學會的最初技能，能發揮自身潛能造成較大的傷害'),
 (62,'b01',23,3,3,1,'addattack',1,0,1,'icon_2','e03','強襲','所有墨家子弟學會的最初技能，能發揮自身潛能造成較大的傷害'),
 (63,'c01',24,3,3,1,'addattack',0,0,1,'icon_2','e03','強襲','所有墨家子弟學會的最初技能，能發揮自身潛能造成較大的傷害'),
 (64,'a01',25,3,3,1,'addattack',0,0,1,'icon_2','e03','強襲','所有墨家子弟學會的最初技能，能發揮自身潛能造成較大的傷害'),
 (65,'c03',17,100,100,1,'tobunceback',0,0,5,'n006','e03','反彈','反彈部份傷害'),
 (66,'a01',26,3,3,1,'addattack',0,0,1,'icon_2','e03','強襲','所有墨家子弟學會的最初技能，能發揮自身潛能造成較大的傷害'),
 (67,'a01',27,3,3,1,'addattack',0,0,1,'icon_2','e03','強襲','所有墨家子弟學會的最初技能，能發揮自身潛能造成較大的傷害'),
 (68,'c01',28,3,3,1,'addattack',0,0,1,'icon_2','e03','強襲','所有墨家子弟學會的最初技能，能發揮自身潛能造成較大的傷害'),
 (69,'a01',29,3,3,1,'addattack',1,0,1,'icon_2','e03','強襲','所有墨家子弟學會的最初技能，能發揮自身潛能造成較大的傷害'),
 (70,'a01',30,3,3,1,'addattack',0,0,1,'icon_2','e03','強襲','所有墨家子弟學會的最初技能，能發揮自身潛能造成較大的傷害'),
 (71,'a01',16,3,3,1,'addattack',0,0,1,'icon_2','e03','強襲','所有墨家子弟學會的最初技能，能發揮自身潛能造成較大的傷害'),
 (72,'a01',16,3,3,1,'addattack',0,0,1,'icon_2','e03','強襲','所有墨家子弟學會的最初技能，能發揮自身潛能造成較大的傷害'),
 (73,'a01',16,3,3,1,'addattack',0,0,1,'icon_2','e03','強襲','所有墨家子弟學會的最初技能，能發揮自身潛能造成較大的傷害'),
 (74,'b01',17,3,3,1,'addattack',0,0,1,'icon_2','e03','強襲','所有墨家子弟學會的最初技能，能發揮自身潛能造成較大的傷害'),
 (75,'b01',17,3,3,1,'addattack',0,0,1,'icon_2','e03','強襲','所有墨家子弟學會的最初技能，能發揮自身潛能造成較大的傷害'),
 (76,'a01',17,3,3,1,'addattack',0,0,1,'icon_2','e03','強襲','所有墨家子弟學會的最初技能，能發揮自身潛能造成較大的傷害'),
 (77,'a01',17,3,3,1,'addattack',0,0,1,'icon_2','e03','強襲','所有墨家子弟學會的最初技能，能發揮自身潛能造成較大的傷害'),
 (78,'a01',17,3,3,1,'addattack',0,0,1,'icon_2','e03','強襲','所有墨家子弟學會的最初技能，能發揮自身潛能造成較大的傷害'),
 (79,'b01',16,3,3,1,'addattack',0,0,1,'icon_2','e03','強襲','所有墨家子弟學會的最初技能，能發揮自身潛能造成較大的傷害'),
 (80,'b01',16,3,3,1,'addattack',0,0,1,'icon_2','e03','強襲','所有墨家子弟學會的最初技能，能發揮自身潛能造成較大的傷害'),
 (81,'a01',17,3,3,1,'addattack',0,0,1,'icon_2','e03','強襲','所有墨家子弟學會的最初技能，能發揮自身潛能造成較大的傷害'),
 (82,'b01',18,3,3,1,'addattack',0,0,1,'icon_2','e03','強襲','所有墨家子弟學會的最初技能，能發揮自身潛能造成較大的傷害'),
 (83,'c01',19,3,3,1,'addattack',0,0,1,'icon_2','e03','強襲','所有墨家子弟學會的最初技能，能發揮自身潛能造成較大的傷害'),
 (84,'a01',20,3,3,1,'addattack',0,0,1,'icon_2','e03','強襲','所有墨家子弟學會的最初技能，能發揮自身潛能造成較大的傷害'),
 (85,'a01',21,3,3,1,'addattack',0,0,1,'icon_2','e03','強襲','所有墨家子弟學會的最初技能，能發揮自身潛能造成較大的傷害'),
 (86,'a01',22,3,3,1,'addattack',0,0,1,'icon_2','e03','強襲','所有墨家子弟學會的最初技能，能發揮自身潛能造成較大的傷害'),
 (87,'b01',23,3,3,1,'addattack',0,0,1,'icon_2','e03','強襲','所有墨家子弟學會的最初技能，能發揮自身潛能造成較大的傷害'),
 (88,'a01',24,3,3,1,'addattack',0,0,1,'icon_2','e03','強襲','所有墨家子弟學會的最初技能，能發揮自身潛能造成較大的傷害'),
 (89,'a01',25,3,3,1,'addattack',0,0,1,'icon_2','e03','強襲','所有墨家子弟學會的最初技能，能發揮自身潛能造成較大的傷害'),
 (90,'b01',26,3,3,1,'addattack',0,0,1,'icon_2','e03','強襲','所有墨家子弟學會的最初技能，能發揮自身潛能造成較大的傷害'),
 (91,'a01',25,3,3,1,'addattack',0,0,1,'icon_2','e03','強襲','所有墨家子弟學會的最初技能，能發揮自身潛能造成較大的傷害'),
 (92,'b01',26,3,3,1,'addattack',0,0,1,'icon_2','e03','強襲','所有墨家子弟學會的最初技能，能發揮自身潛能造成較大的傷害'),
 (93,'c01',27,3,3,1,'addattack',0,0,1,'icon_2','e03','強襲','所有墨家子弟學會的最初技能，能發揮自身潛能造成較大的傷害'),
 (94,'c01',28,3,3,1,'addattack',0,0,1,'icon_2','e03','強襲','所有墨家子弟學會的最初技能，能發揮自身潛能造成較大的傷害'),
 (95,'a01',29,3,3,1,'addattack',0,0,1,'icon_2','e03','強襲','所有墨家子弟學會的最初技能，能發揮自身潛能造成較大的傷害'),
 (96,'a01',30,3,3,1,'addattack',0,0,1,'icon_2','e03','強襲','所有墨家子弟學會的最初技能，能發揮自身潛能造成較大的傷害'),
 (97,'a01',31,3,3,1,'addattack',0,0,1,'icon_2','e03','強襲','所有墨家子弟學會的最初技能，能發揮自身潛能造成較大的傷害'),
 (98,'a01',32,3,3,1,'addattack',0,0,1,'icon_2','e03','強襲','所有墨家子弟學會的最初技能，能發揮自身潛能造成較大的傷害'),
 (99,'a01',33,3,3,1,'addattack',0,0,1,'icon_2','e03','強襲','所有墨家子弟學會的最初技能，能發揮自身潛能造成較大的傷害'),
 (100,'a01',34,3,3,1,'addattack',0,0,1,'icon_2','e03','強襲','所有墨家子弟學會的最初技能，能發揮自身潛能造成較大的傷害'),
 (101,'b01',35,3,3,1,'addattack',0,0,1,'icon_2','e03','強襲','所有墨家子弟學會的最初技能，能發揮自身潛能造成較大的傷害'),
 (102,'a01',36,3,3,1,'addattack',0,0,1,'icon_2','e03','強襲','所有墨家子弟學會的最初技能，能發揮自身潛能造成較大的傷害'),
 (103,'a01',37,3,3,1,'addattack',0,0,1,'icon_2','e03','強襲','所有墨家子弟學會的最初技能，能發揮自身潛能造成較大的傷害'),
 (104,'c01',38,3,3,1,'addattack',0,0,1,'icon_2','e03','強襲','所有墨家子弟學會的最初技能，能發揮自身潛能造成較大的傷害');
/*!40000 ALTER TABLE `a3k_skill` ENABLE KEYS */;


--
-- Definition of table `chat`
--

DROP TABLE IF EXISTS `chat`;
CREATE TABLE `chat` (
  `id` int(10) unsigned NOT NULL auto_increment,
  `content` varchar(21000) default NULL,
  `cfrom` varchar(45) default NULL,
  `cto` varchar(45) default NULL,
  `guid` varchar(45) default NULL,
  `comment` tinyint(3) default NULL,
  `timestamp` timestamp NOT NULL default CURRENT_TIMESTAMP,
  PRIMARY KEY  (`id`)
) ENGINE=MEMORY AUTO_INCREMENT=6 DEFAULT CHARSET=utf8;

--
-- Dumping data for table `chat`
--

/*!40000 ALTER TABLE `chat` DISABLE KEYS */;
/*!40000 ALTER TABLE `chat` ENABLE KEYS */;


--
-- Definition of table `chatbk`
--

DROP TABLE IF EXISTS `chatbk`;
CREATE TABLE `chatbk` (
  `id` int(10) unsigned NOT NULL auto_increment,
  `content` varchar(21000) default NULL,
  `cfrom` varchar(45) default NULL,
  `cto` varchar(45) default NULL,
  `guid` varchar(45) default NULL,
  `comment` tinyint(3) default NULL,
  `timestamp` timestamp NOT NULL default CURRENT_TIMESTAMP,
  PRIMARY KEY  (`id`)
) ENGINE=MEMORY AUTO_INCREMENT=11 DEFAULT CHARSET=utf8;

--
-- Dumping data for table `chatbk`
--

/*!40000 ALTER TABLE `chatbk` DISABLE KEYS */;
/*!40000 ALTER TABLE `chatbk` ENABLE KEYS */;


--
-- Definition of table `chatindex`
--

DROP TABLE IF EXISTS `chatindex`;
CREATE TABLE `chatindex` (
  `cindextime` int(10) NOT NULL default '0',
  `timestamp` timestamp NOT NULL default CURRENT_TIMESTAMP,
  PRIMARY KEY  (`cindextime`)
) ENGINE=MEMORY DEFAULT CHARSET=utf8;

--
-- Dumping data for table `chatindex`
--

/*!40000 ALTER TABLE `chatindex` DISABLE KEYS */;
/*!40000 ALTER TABLE `chatindex` ENABLE KEYS */;




/*!40101 SET SQL_MODE=@OLD_SQL_MODE */;
/*!40014 SET FOREIGN_KEY_CHECKS=@OLD_FOREIGN_KEY_CHECKS */;
/*!40014 SET UNIQUE_CHECKS=@OLD_UNIQUE_CHECKS */;
/*!40101 SET CHARACTER_SET_CLIENT=@OLD_CHARACTER_SET_CLIENT */;
/*!40101 SET CHARACTER_SET_RESULTS=@OLD_CHARACTER_SET_RESULTS */;
/*!40101 SET COLLATION_CONNECTION=@OLD_COLLATION_CONNECTION */;
/*!40101 SET CHARACTER_SET_CLIENT=@OLD_CHARACTER_SET_CLIENT */;
